MODE,JOB_ID,WORKERS,FILE,ALGO,TAU,SIGMA,BETA,NUMPARTITIONS,VERTICES,REAL EDGES, VIRTUAL EDGES,Time,Sampling Time,Total LP,Score,Migrations,R MaxNorm unbalance,V MaxNorm unbalance,Vertex MaxNorm unbalance,#real EC,#real EC (%%),#virtual EC,#virtual EC (%%),Vertex Balance JSD,Real Edge Balance JSD,Virtual Edge Balance JSD
Edge,job_202102212220_0262,8,RoadCanada.vertex,InitializeSampleCC,15,0.02,0.15,8,1965206,5533214,5533214,44911,4964,38581,1111369.1729837558,4916901,1.009,1.009,1.012,2447098,0.442,2447098,0.442,0.000017,0.000008,0.000008
Edge,job_202102212220_0344,8,RoadCanada.vertex,InitializeSampleCC,10,0.015,0.2,16,1965206,5533214,5533214,73106,5782,65759,1078721.0627452831,5467073,1.016,1.016,1.016,2553708,0.462,2553708,0.462,0.000029,0.000018,0.000018
Edge,job_202102212220_0332,8,RoadCanada.vertex,InitializeSampleCC,10,0.015,0.2,4,1965206,5533214,5533214,30238,8494,20364,1170098.2475894047,3748955,1.005,1.005,1.005,2307798,0.417,2307798,0.417,0.000005,0.000002,0.000002
Edge,job_202102212220_0007,8,RoadCanada.vertex,InitializeSampleCC,5,0.01,0.1,8,1965206,5533214,5533214,45162,4590,39158,1117823.9421412922,5086701,1.012,1.012,1.018,2429940,0.439,2429940,0.439,0.000015,0.000010,0.000010
Edge,job_202102212220_0006,8,RoadCanada.vertex,InitializeSampleCC,5,0.01,0.1,8,1965206,5533214,5533214,47251,5239,40534,1116814.7993486421,5131316,1.010,1.010,1.014,2434847,0.440,2434847,0.440,0.000016,0.000008,0.000008
Edge,job_202102212220_0176,8,RoadCanada.vertex,InitializeSampleCC,15,0.01,0.15,16,1965206,5533214,5533214,76894,4849,70304,1086925.1790002345,5665305,1.018,1.018,1.018,2528713,0.457,2528713,0.457,0.000021,0.000019,0.000019
Edge,job_202102212220_0109,8,RoadCanada.vertex,InitializeSampleCC,10,0.02,0.1,4,1965206,5533214,5533214,27825,4690,21753,1168111.9653015295,4062018,1.007,1.007,1.011,2302770,0.416,2302770,0.416,0.000022,0.000004,0.000004
Edge,job_202102212220_0040,8,RoadCanada.vertex,InitializeSampleCC,15,0.01,0.1,8,1965206,5533214,5533214,47096,4758,40831,1116301.4877948947,5228245,1.011,1.011,1.010,2431076,0.439,2431076,0.439,0.000005,0.000009,0.000009
Edge,job_202102212220_0318,8,RoadCanada.vertex,InitializeSampleCC,5,0.015,0.2,4,1965206,5533214,5533214,26862,5290,19943,1174441.8544130567,3717403,1.005,1.005,1.011,2295961,0.415,2295961,0.415,0.000020,0.000003,0.000003
Edge,job_202102212220_0296,8,RoadCanada.vertex,InitializeSampleCC,10,0.01,0.2,16,1965206,5533214,5533214,80209,5797,72782,1087941.5980152597,5819199,1.016,1.016,1.019,2532223,0.458,2532223,0.458,0.000026,0.000020,0.000020
Edge,job_202102212220_0104,8,RoadCanada.vertex,InitializeSampleCC,5,0.02,0.1,16,1965206,5533214,5533214,80470,4742,74331,1092329.973078773,5942786,1.019,1.019,1.019,2514578,0.454,2514578,0.454,0.000024,0.000021,0.000021
Edge,job_202102212220_0274,8,RoadCanada.vertex,InitializeSampleCC,5,0.01,0.2,4,1965206,5533214,5533214,30566,9709,19485,1168205.31546001,3735408,1.006,1.006,1.014,2310914,0.418,2310914,0.418,0.000034,0.000003,0.000003
Edge,job_202102212220_0373,8,RoadCanada.vertex,InitializeSampleCC,5,0.02,0.2,16,1965206,5533214,5533214,74580,6054,67073,1079960.591443939,5513959,1.018,1.018,1.023,2547444,0.460,2547444,0.460,0.000044,0.000020,0.000020
Edge,job_202102212220_0158,8,RoadCanada.vertex,InitializeSampleCC,10,0.01,0.15,8,1965206,5533214,5533214,43051,4825,36653,1107346.8890476606,4797989,1.014,1.014,1.016,2462712,0.445,2462712,0.445,0.000025,0.000011,0.000011
Edge,job_202102212220_0387,8,RoadCanada.vertex,InitializeSampleCC,10,0.02,0.2,16,1965206,5533214,5533214,75871,6775,67602,1073814.8607773096,5482942,1.016,1.016,1.018,2567769,0.464,2567769,0.464,0.000036,0.000018,0.000018
Edge,job_202102212220_0366,8,RoadCanada.vertex,InitializeSampleCC,5,0.02,0.2,8,1965206,5533214,5533214,45444,5432,38347,1115714.6000322874,4936566,1.011,1.011,1.015,2441803,0.441,2441803,0.441,0.000014,0.000010,0.000010
Edge,job_202102212220_0258,8,RoadCanada.vertex,InitializeSampleCC,15,0.02,0.15,4,1965206,5533214,5533214,26436,5476,19346,1147323.1866519984,3558379,1.006,1.006,1.011,2376879,0.430,2376879,0.430,0.000020,0.000003,0.000003
Edge,job_202102212220_0196,8,RoadCanada.vertex,InitializeSampleCC,10,0.015,0.15,4,1965206,5533214,5533214,25720,4833,19289,1159777.5332710724,3698547,1.008,1.008,1.007,2323557,0.420,2323557,0.420,0.000004,0.000005,0.000005
Edge,job_202102212220_0048,8,RoadCanada.vertex,InitializeSampleCC,5,0.015,0.1,4,1965206,5533214,5533214,26631,5113,20163,1152398.4488110365,3815419,1.003,1.003,1.006,2348711,0.424,2348711,0.424,0.000004,0.000002,0.000002
Edge,job_202102212220_0302,8,RoadCanada.vertex,InitializeSampleCC,15,0.01,0.2,4,1965206,5533214,5533214,27331,5985,19693,1169069.33649112,3672177,1.006,1.006,1.013,2315065,0.418,2315065,0.418,0.000011,0.000003,0.000003
Edge,job_202102212220_0046,8,RoadCanada.vertex,InitializeSampleCC,5,0.015,0.1,4,1965206,5533214,5533214,25839,5068,19389,1151112.8734923555,3688277,1.006,1.006,1.007,2363363,0.427,2363363,0.427,0.000006,0.000003,0.000003
Edge,job_202102212220_0223,8,RoadCanada.vertex,InitializeSampleCC,15,0.015,0.15,16,1965206,5533214,5533214,76078,4945,69580,1083372.3360470955,5657005,1.019,1.019,1.024,2538363,0.459,2538363,0.459,0.000030,0.000021,0.000021
Edge,job_202102212220_0310,8,RoadCanada.vertex,InitializeSampleCC,15,0.01,0.2,8,1965206,5533214,5533214,44603,5197,37727,1113808.5853345408,4871376,1.009,1.009,1.019,2444580,0.442,2444580,0.442,0.000026,0.000009,0.000009
Edge,job_202102212220_0238,8,RoadCanada.vertex,InitializeSampleCC,5,0.02,0.15,16,1965206,5533214,5533214,82876,8902,72554,1082422.95561898,5841510,1.018,1.018,1.023,2540667,0.459,2540667,0.459,0.000036,0.000022,0.000022
Edge,job_202102212220_0179,8,RoadCanada.vertex,InitializeSampleCC,15,0.01,0.15,16,1965206,5533214,5533214,80766,7559,71745,1091920.5001589516,5880039,1.018,1.018,1.021,2517570,0.455,2517570,0.455,0.000037,0.000023,0.000023
Edge,job_202102212220_0003,8,RoadCanada.vertex,InitializeSampleCC,5,0.01,0.1,4,1965206,5533214,5533214,28286,5053,21645,1167349.0549715098,3989255,1.003,1.003,1.006,2307695,0.417,2307695,0.417,0.000004,0.000002,0.000002
Edge,job_202102212220_0312,8,RoadCanada.vertex,InitializeSampleCC,15,0.01,0.2,16,1965206,5533214,5533214,79554,5794,72081,1078543.8483804965,5717382,1.017,1.017,1.015,2550633,0.461,2550633,0.461,0.000009,0.000018,0.000018
Edge,job_202102212220_0108,8,RoadCanada.vertex,InitializeSampleCC,10,0.02,0.1,4,1965206,5533214,5533214,26128,4154,20340,1159512.9739080386,3839771,1.005,1.005,1.002,2327842,0.421,2327842,0.421,0.000001,0.000003,0.000003
Edge,job_202102212220_0209,8,RoadCanada.vertex,InitializeSampleCC,10,0.015,0.15,16,1965206,5533214,5533214,78719,5840,71221,1082650.1332701421,5741467,1.017,1.017,1.016,2540161,0.459,2540161,0.459,0.000022,0.000018,0.000018
Edge,job_202102212220_0180,8,RoadCanada.vertex,InitializeSampleCC,15,0.01,0.15,16,1965206,5533214,5533214,81693,5587,74516,1092803.7399996112,5962447,1.015,1.015,1.014,2515239,0.455,2515239,0.455,0.000025,0.000017,0.000017
Edge,job_202102212220_0089,8,RoadCanada.vertex,InitializeSampleCC,15,0.015,0.1,16,1965206,5533214,5533214,80981,5428,74078,1088529.096174169,5940540,1.018,1.018,1.026,2522657,0.456,2522657,0.456,0.000035,0.000022,0.000022
Edge,job_202102212220_0393,8,RoadCanada.vertex,InitializeSampleCC,15,0.02,0.2,4,1965206,5533214,5533214,26600,5322,19560,1164739.5523031286,3723413,1.004,1.004,1.017,2309112,0.417,2309112,0.417,0.000017,0.000002,0.000002
Edge,job_202102212220_0150,8,RoadCanada.vertex,InitializeSampleCC,5,0.01,0.15,16,1965206,5533214,5533214,79764,8124,69927,1083730.4479368834,5647150,1.017,1.017,1.021,2539844,0.459,2539844,0.459,0.000028,0.000019,0.000019
Edge,job_202102212220_0225,8,RoadCanada.vertex,InitializeSampleCC,15,0.015,0.15,16,1965206,5533214,5533214,83074,5479,75978,1088717.2098566503,5987445,1.018,1.018,1.027,2522769,0.456,2522769,0.456,0.000034,0.000022,0.000022
Edge,job_202102212220_0331,8,RoadCanada.vertex,InitializeSampleCC,10,0.015,0.2,4,1965206,5533214,5533214,26370,4999,19771,1163068.0711286245,3681714,1.006,1.006,1.014,2325817,0.420,2325817,0.420,0.000023,0.000002,0.000002
Edge,job_202102212220_0142,8,RoadCanada.vertex,InitializeSampleCC,5,0.01,0.15,8,1965206,5533214,5533214,45788,5216,38885,1107041.0206663455,5057996,1.012,1.012,1.011,2459776,0.445,2459776,0.445,0.000014,0.000010,0.000010
Edge,job_202102212220_0273,8,RoadCanada.vertex,InitializeSampleCC,5,0.01,0.2,4,1965206,5533214,5533214,28483,5160,21658,1171732.255936002,3893557,1.006,1.006,1.008,2299737,0.416,2299737,0.416,0.000005,0.000003,0.000003
Edge,job_202102212220_0151,8,RoadCanada.vertex,InitializeSampleCC,10,0.01,0.15,4,1965206,5533214,5533214,27129,5934,19540,1156476.3732537702,3769306,1.006,1.006,1.011,2334113,0.422,2334113,0.422,0.000010,0.000003,0.000003
Edge,job_202102212220_0333,8,RoadCanada.vertex,InitializeSampleCC,10,0.015,0.2,4,1965206,5533214,5533214,27617,5738,20438,1171251.0311443547,3859489,1.005,1.005,1.009,2292326,0.414,2292326,0.414,0.000007,0.000002,0.000002
Edge,job_202102212220_0120,8,RoadCanada.vertex,InitializeSampleCC,10,0.02,0.1,16,1965206,5533214,5533214,78501,4630,72387,1086999.9296669513,5867688,1.018,1.018,1.018,2525561,0.456,2525561,0.456,0.000032,0.000022,0.000022
Edge,job_202102212220_0355,8,RoadCanada.vertex,InitializeSampleCC,15,0.015,0.2,8,1965206,5533214,5533214,44832,5310,37893,1114209.9954290676,4952143,1.009,1.009,1.008,2444098,0.442,2444098,0.442,0.000008,0.000008,0.000008
Edge,job_202102212220_0301,8,RoadCanada.vertex,InitializeSampleCC,15,0.01,0.2,4,1965206,5533214,5533214,28221,6155,20560,1167447.298508621,3744246,1.006,1.006,1.007,2315320,0.418,2315320,0.418,0.000008,0.000003,0.000003
Edge,job_202102212220_0388,8,RoadCanada.vertex,InitializeSampleCC,10,0.02,0.2,16,1965206,5533214,5533214,81988,6669,73886,1089698.8449668016,5870467,1.017,1.017,1.020,2522923,0.456,2522923,0.456,0.000036,0.000020,0.000020
Edge,job_202102212220_0157,8,RoadCanada.vertex,InitializeSampleCC,10,0.01,0.15,8,1965206,5533214,5533214,48062,4822,41699,1108889.365809262,5197971,1.010,1.010,1.009,2455082,0.444,2455082,0.444,0.000006,0.000007,0.000007
Edge,job_202102212220_0010,8,RoadCanada.vertex,InitializeSampleCC,5,0.01,0.1,8,1965206,5533214,5533214,45337,5577,38489,1120371.4334455498,5087203,1.010,1.010,1.013,2418336,0.437,2418336,0.437,0.000021,0.000011,0.000011
Edge,job_202102212220_0076,8,RoadCanada.vertex,InitializeSampleCC,15,0.015,0.1,4,1965206,5533214,5533214,26663,4133,21069,1165629.0309525162,3980208,1.006,1.006,1.009,2305923,0.417,2305923,0.417,0.000007,0.000003,0.000003
Edge,job_202102212220_0282,8,RoadCanada.vertex,InitializeSampleCC,5,0.01,0.2,16,1965206,5533214,5533214,75093,5973,67452,1080855.5409219807,5597990,1.016,1.016,1.024,2546640,0.460,2546640,0.460,0.000025,0.000021,0.000021
Edge,job_202102212220_0386,8,RoadCanada.vertex,InitializeSampleCC,10,0.02,0.2,16,1965206,5533214,5533214,77238,5607,69913,1084435.7734594615,5739951,1.018,1.018,1.022,2537245,0.459,2537245,0.459,0.000026,0.000023,0.000023
Edge,job_202102212220_0138,8,RoadCanada.vertex,InitializeSampleCC,5,0.01,0.15,4,1965206,5533214,5533214,25333,5470,18239,1160334.0362855766,3550302,1.007,1.007,1.006,2342782,0.423,2342782,0.423,0.000005,0.000003,0.000003
Edge,job_202102212220_0297,8,RoadCanada.vertex,InitializeSampleCC,10,0.01,0.2,16,1965206,5533214,5533214,78988,6474,70784,1084115.2822702285,5763665,1.015,1.015,1.014,2540532,0.459,2540532,0.459,0.000028,0.000021,0.000021
Edge,job_202102212220_0299,8,RoadCanada.vertex,InitializeSampleCC,10,0.01,0.2,16,1965206,5533214,5533214,79537,5847,72237,1087673.864316796,5734235,1.016,1.016,1.022,2531449,0.458,2531449,0.458,0.000031,0.000018,0.000018
Edge,job_202102212220_0054,8,RoadCanada.vertex,InitializeSampleCC,5,0.015,0.1,8,1965206,5533214,5533214,47669,5786,40405,1118362.2367304848,5150491,1.010,1.010,1.013,2427429,0.439,2427429,0.439,0.000015,0.000009,0.000009
Edge,job_202102212220_0295,8,RoadCanada.vertex,InitializeSampleCC,10,0.01,0.2,8,1965206,5533214,5533214,43241,6083,35716,1107903.2618413987,4664050,1.011,1.011,1.014,2463404,0.445,2463404,0.445,0.000012,0.000010,0.000010
Edge,job_202102212220_0022,8,RoadCanada.vertex,InitializeSampleCC,10,0.01,0.1,8,1965206,5533214,5533214,41000,4086,35419,1108459.562636199,4746097,1.011,1.011,1.014,2451875,0.443,2451875,0.443,0.000013,0.000010,0.000010
Edge,job_202102212220_0369,8,RoadCanada.vertex,InitializeSampleCC,5,0.02,0.2,8,1965206,5533214,5533214,43827,6349,36091,1109707.061507745,4744862,1.012,1.012,1.011,2456740,0.444,2456740,0.444,0.000012,0.000011,0.000011
Edge,job_202102212220_0230,8,RoadCanada.vertex,InitializeSampleCC,5,0.02,0.15,4,1965206,5533214,5533214,26175,4814,19727,1159681.949747103,3691420,1.006,1.006,1.012,2340528,0.423,2340528,0.423,0.000008,0.000003,0.000003
Edge,job_202102212220_0169,8,RoadCanada.vertex,InitializeSampleCC,15,0.01,0.15,4,1965206,5533214,5533214,27355,5516,20281,1161556.949256192,3760101,1.003,1.003,1.008,2333883,0.422,2333883,0.422,0.000006,0.000002,0.000002
Edge,job_202102212220_0068,8,RoadCanada.vertex,InitializeSampleCC,10,0.015,0.1,8,1965206,5533214,5533214,44276,4212,38426,1107574.0902221748,4995864,1.010,1.010,1.014,2455189,0.444,2455189,0.444,0.000011,0.000009,0.000009
Edge,job_202102212220_0328,8,RoadCanada.vertex,InitializeSampleCC,5,0.015,0.2,16,1965206,5533214,5533214,78595,6173,70930,1087840.66371285,5638380,1.016,1.016,1.023,2528864,0.457,2528864,0.457,0.000024,0.000018,0.000018
Edge,job_202102212220_0341,8,RoadCanada.vertex,InitializeSampleCC,10,0.015,0.2,16,1965206,5533214,5533214,84815,5585,77510,1086084.7536030856,6182400,1.016,1.016,1.027,2530704,0.457,2530704,0.457,0.000044,0.000019,0.000019
Edge,job_202102212220_0060,8,RoadCanada.vertex,InitializeSampleCC,5,0.015,0.1,16,1965206,5533214,5533214,77049,4124,71361,1085131.9693968166,5780048,1.018,1.018,1.023,2532261,0.458,2532261,0.458,0.000035,0.000023,0.000023
Edge,job_202102212220_0289,8,RoadCanada.vertex,InitializeSampleCC,10,0.01,0.2,4,1965206,5533214,5533214,27368,5394,20377,1156190.3076679546,3688226,1.006,1.006,1.005,2346225,0.424,2346225,0.424,0.000002,0.000003,0.000003
Edge,job_202102212220_0212,8,RoadCanada.vertex,InitializeSampleCC,15,0.015,0.15,4,1965206,5533214,5533214,26696,5395,19674,1162559.2407137821,3702921,1.008,1.008,1.011,2327717,0.421,2327717,0.421,0.000010,0.000005,0.000005
Edge,job_202102212220_0118,8,RoadCanada.vertex,InitializeSampleCC,10,0.02,0.1,16,1965206,5533214,5533214,82272,7878,72852,1096018.420141682,5903087,1.017,1.017,1.028,2502523,0.452,2502523,0.452,0.000032,0.000020,0.000020
Edge,job_202102212220_0217,8,RoadCanada.vertex,InitializeSampleCC,15,0.015,0.15,8,1965206,5533214,5533214,43693,4704,37363,1110979.4616662813,4863223,1.012,1.012,1.017,2452387,0.443,2452387,0.443,0.000020,0.000010,0.000010
Edge,job_202102212220_0078,8,RoadCanada.vertex,InitializeSampleCC,15,0.015,0.1,4,1965206,5533214,5533214,27921,4684,21782,1154365.3236525138,4019069,1.007,1.007,1.008,2338495,0.423,2338495,0.423,0.000006,0.000005,0.000005
Edge,job_202102212220_0384,8,RoadCanada.vertex,InitializeSampleCC,10,0.02,0.2,8,1965206,5533214,5533214,45484,5440,38388,1109368.6750646257,4936355,1.011,1.011,1.012,2461768,0.445,2461768,0.445,0.000022,0.000009,0.000009
Edge,job_202102212220_0375,8,RoadCanada.vertex,InitializeSampleCC,5,0.02,0.2,16,1965206,5533214,5533214,73695,5488,66482,1079394.0911252974,5491422,1.019,1.019,1.021,2551402,0.461,2551402,0.461,0.000045,0.000024,0.000024
Edge,job_202102212220_0382,8,RoadCanada.vertex,InitializeSampleCC,10,0.02,0.2,8,1965206,5533214,5533214,44269,5954,36826,1116184.1482208678,4733218,1.012,1.012,1.006,2441357,0.441,2441357,0.441,0.000004,0.000007,0.000007
Edge,job_202102212220_0146,8,RoadCanada.vertex,InitializeSampleCC,5,0.01,0.15,16,1965206,5533214,5533214,80781,4933,74451,1085945.3632534682,5843224,1.019,1.019,1.024,2532177,0.458,2532177,0.458,0.000036,0.000024,0.000024
Edge,job_202102212220_0199,8,RoadCanada.vertex,InitializeSampleCC,10,0.015,0.15,4,1965206,5533214,5533214,26454,5824,18972,1161733.7422059325,3684928,1.006,1.006,1.007,2317921,0.419,2317921,0.419,0.000003,0.000003,0.000003
Edge,job_202102212220_0028,8,RoadCanada.vertex,InitializeSampleCC,10,0.01,0.1,16,1965206,5533214,5533214,80972,4783,74641,1093245.0383652707,5941134,1.018,1.018,1.021,2511461,0.454,2511461,0.454,0.000022,0.000022,0.000022
Edge,job_202102212220_0233,8,RoadCanada.vertex,InitializeSampleCC,5,0.02,0.15,8,1965206,5533214,5533214,44766,4901,38363,1109947.2725551045,4931078,1.012,1.012,1.020,2457848,0.444,2457848,0.444,0.000023,0.000009,0.000009
Edge,job_202102212220_0183,8,RoadCanada.vertex,InitializeSampleCC,5,0.015,0.15,4,1965206,5533214,5533214,26279,4659,20045,1166442.4029214229,3827509,1.007,1.007,1.010,2305585,0.417,2305585,0.417,0.000008,0.000005,0.000005
Edge,job_202102212220_0335,8,RoadCanada.vertex,InitializeSampleCC,10,0.015,0.2,4,1965206,5533214,5533214,26634,6125,18928,1164888.6924286385,3581930,1.005,1.005,1.010,2326280,0.420,2326280,0.420,0.000007,0.000002,0.000002
Edge,job_202102212220_0236,8,RoadCanada.vertex,InitializeSampleCC,5,0.02,0.15,16,1965206,5533214,5533214,80926,5213,74198,1090312.7840623618,5918632,1.017,1.017,1.019,2519175,0.455,2519175,0.455,0.000019,0.000021,0.000021
Edge,job_202102212220_0035,8,RoadCanada.vertex,InitializeSampleCC,15,0.01,0.1,4,1965206,5533214,5533214,25968,4133,20290,1153011.080064743,3870663,1.007,1.007,1.005,2342377,0.423,2342377,0.423,0.000003,0.000004,0.000004
Edge,job_202102212220_0294,8,RoadCanada.vertex,InitializeSampleCC,10,0.01,0.2,8,1965206,5533214,5533214,44650,5385,37584,1117007.6912384606,4949205,1.011,1.011,1.018,2442369,0.441,2442369,0.441,0.000036,0.000008,0.000008
Edge,job_202102212220_0268,8,RoadCanada.vertex,InitializeSampleCC,15,0.02,0.15,16,1965206,5533214,5533214,84833,7059,76386,1092328.5708558573,6023682,1.018,1.018,1.026,2512033,0.454,2512033,0.454,0.000034,0.000023,0.000023
Edge,job_202102212220_0241,8,RoadCanada.vertex,InitializeSampleCC,10,0.02,0.15,4,1965206,5533214,5533214,28109,4847,21776,1173790.87573112,4004640,1.007,1.007,1.008,2282224,0.412,2282224,0.412,0.000003,0.000003,0.000003
Edge,job_202102212220_0001,8,RoadCanada.vertex,InitializeSampleCC,5,0.01,0.1,4,1965206,5533214,5533214,25205,5148,18490,1150016.824652105,3639606,1.007,1.007,1.004,2356850,0.426,2356850,0.426,0.000003,0.000004,0.000004
Edge,job_202102212220_0072,8,RoadCanada.vertex,InitializeSampleCC,10,0.015,0.1,16,1965206,5533214,5533214,81335,4240,75565,1095422.9010469094,5932351,1.018,1.018,1.023,2501105,0.452,2501105,0.452,0.000032,0.000020,0.000020
Edge,job_202102212220_0178,8,RoadCanada.vertex,InitializeSampleCC,15,0.01,0.15,16,1965206,5533214,5533214,78718,5689,71376,1087726.2671261337,5872223,1.018,1.018,1.027,2529096,0.457,2529096,0.457,0.000033,0.000022,0.000022
Edge,job_202102212220_0041,8,RoadCanada.vertex,InitializeSampleCC,15,0.01,0.1,16,1965206,5533214,5533214,81927,5675,74800,1099628.5644122434,5987950,1.017,1.017,1.025,2491004,0.450,2491004,0.450,0.000029,0.000019,0.000019
Edge,job_202102212220_0389,8,RoadCanada.vertex,InitializeSampleCC,10,0.02,0.2,16,1965206,5533214,5533214,80958,5095,74160,1085848.6225237164,5803931,1.016,1.016,1.018,2534169,0.458,2534169,0.458,0.000019,0.000018,0.000018
Edge,job_202102212220_0374,8,RoadCanada.vertex,InitializeSampleCC,5,0.02,0.2,16,1965206,5533214,5533214,75241,5214,68353,1085829.5808571002,5672846,1.019,1.019,1.020,2537089,0.459,2537089,0.459,0.000039,0.000021,0.000021
Edge,job_202102212220_0381,8,RoadCanada.vertex,InitializeSampleCC,10,0.02,0.2,8,1965206,5533214,5533214,44620,5188,37666,1116551.7853803576,4853465,1.013,1.013,1.017,2436904,0.440,2436904,0.440,0.000024,0.000008,0.000008
Edge,job_202102212220_0033,8,RoadCanada.vertex,InitializeSampleCC,15,0.01,0.1,4,1965206,5533214,5533214,26097,4213,20250,1147744.8081909954,3689024,1.004,1.004,1.009,2385031,0.431,2385031,0.431,0.000008,0.000002,0.000002
Edge,job_202102212220_0116,8,RoadCanada.vertex,InitializeSampleCC,10,0.02,0.1,16,1965206,5533214,5533214,85850,4266,80004,1096814.4148565058,6237162,1.018,1.018,1.021,2500097,0.452,2500097,0.452,0.000027,0.000022,0.000022
Edge,job_202102212220_0009,8,RoadCanada.vertex,InitializeSampleCC,5,0.01,0.1,8,1965206,5533214,5533214,44908,4605,38722,1114731.447602785,4969315,1.013,1.013,1.018,2440363,0.441,2440363,0.441,0.000028,0.000012,0.000012
Edge,job_202102212220_0198,8,RoadCanada.vertex,InitializeSampleCC,10,0.015,0.15,4,1965206,5533214,5533214,26111,4586,19976,1160938.7413003994,3842067,1.006,1.006,1.007,2310675,0.418,2310675,0.418,0.000008,0.000003,0.000003
Edge,job_202102212220_0403,8,RoadCanada.vertex,InitializeSampleCC,15,0.02,0.2,16,1965206,5533214,5533214,72112,5212,65193,1078114.5350309245,5397094,1.018,1.018,1.020,2557142,0.462,2557142,0.462,0.000039,0.000020,0.000020
Edge,job_202102212220_0024,8,RoadCanada.vertex,InitializeSampleCC,10,0.01,0.1,8,1965206,5533214,5533214,44279,4205,38577,1109603.431030095,4975842,1.010,1.010,1.017,2456579,0.444,2456579,0.444,0.000023,0.000009,0.000009
Edge,job_202102212220_0133,8,RoadCanada.vertex,InitializeSampleCC,15,0.02,0.1,16,1965206,5533214,5533214,79703,3996,74091,1087557.459967013,5954373,1.018,1.018,1.022,2526258,0.457,2526258,0.457,0.000036,0.000023,0.000023
Edge,job_202102212220_0306,8,RoadCanada.vertex,InitializeSampleCC,15,0.01,0.2,8,1965206,5533214,5533214,43251,6366,35247,1101640.4260159465,4677479,1.012,1.012,1.007,2480613,0.448,2480613,0.448,0.000013,0.000012,0.000012
Edge,job_202102212220_0339,8,RoadCanada.vertex,InitializeSampleCC,10,0.015,0.2,8,1965206,5533214,5533214,44398,6117,36822,1110318.1811426706,4829604,1.013,1.013,1.014,2456091,0.444,2456091,0.444,0.000022,0.000012,0.000012
Edge,job_202102212220_0378,8,RoadCanada.vertex,InitializeSampleCC,10,0.02,0.2,4,1965206,5533214,5533214,25477,5517,18343,1172813.4073811052,3580842,1.002,1.002,1.005,2299836,0.416,2299836,0.416,0.000008,0.000001,0.000001
Edge,job_202102212220_0095,8,RoadCanada.vertex,InitializeSampleCC,5,0.02,0.1,4,1965206,5533214,5533214,28023,4090,22407,1167181.363810729,4123280,1.007,1.007,1.006,2295518,0.415,2295518,0.415,0.000004,0.000005,0.000005
Edge,job_202102212220_0309,8,RoadCanada.vertex,InitializeSampleCC,15,0.01,0.2,8,1965206,5533214,5533214,44257,5177,37390,1113294.929666878,4812714,1.013,1.013,1.009,2449576,0.443,2449576,0.443,0.000009,0.000010,0.000010
Edge,job_202102212220_0023,8,RoadCanada.vertex,InitializeSampleCC,10,0.01,0.1,8,1965206,5533214,5533214,45578,5634,38483,1110206.8221900496,4989293,1.013,1.013,1.018,2451082,0.443,2451082,0.443,0.000023,0.000011,0.000011
Edge,job_202102212220_0148,8,RoadCanada.vertex,InitializeSampleCC,5,0.01,0.15,16,1965206,5533214,5533214,76195,5274,69282,1085047.3507298864,5653236,1.019,1.019,1.016,2531743,0.458,2531743,0.458,0.000025,0.000024,0.000024
Edge,job_202102212220_0156,8,RoadCanada.vertex,InitializeSampleCC,10,0.01,0.15,8,1965206,5533214,5533214,45649,5509,38665,1111222.6908884614,5057702,1.013,1.013,1.009,2449131,0.443,2449131,0.443,0.000006,0.000010,0.000010
Edge,job_202102212220_0084,8,RoadCanada.vertex,InitializeSampleCC,15,0.015,0.1,8,1965206,5533214,5533214,43257,4305,37297,1112744.1638408015,4881638,1.011,1.011,1.013,2450777,0.443,2450777,0.443,0.000018,0.000011,0.000011
Edge,job_202102212220_0181,8,RoadCanada.vertex,InitializeSampleCC,5,0.015,0.15,4,1965206,5533214,5533214,26130,4838,19768,1153878.9238742974,3644043,1.005,1.005,1.002,2356712,0.426,2356712,0.426,0.000000,0.000002,0.000002
Edge,job_202102212220_0143,8,RoadCanada.vertex,InitializeSampleCC,5,0.01,0.15,8,1965206,5533214,5533214,43646,5180,36737,1110149.3798097123,4887412,1.015,1.015,1.015,2451190,0.443,2451190,0.443,0.000009,0.000012,0.000012
Edge,job_202102212220_0266,8,RoadCanada.vertex,InitializeSampleCC,15,0.02,0.15,16,1965206,5533214,5533214,78819,5303,71881,1092233.9517143336,5825643,1.018,1.018,1.022,2514591,0.454,2514591,0.454,0.000032,0.000020,0.000020
Edge,job_202102212220_0385,8,RoadCanada.vertex,InitializeSampleCC,10,0.02,0.2,8,1965206,5533214,5533214,45886,5868,38564,1111632.9978098548,4922634,1.013,1.013,1.019,2447032,0.442,2447032,0.442,0.000028,0.000010,0.000010
Edge,job_202102212220_0237,8,RoadCanada.vertex,InitializeSampleCC,5,0.02,0.15,16,1965206,5533214,5533214,80172,5448,73027,1089141.2034592987,5837097,1.018,1.018,1.021,2525018,0.456,2525018,0.456,0.000038,0.000022,0.000022
Edge,job_202102212220_0272,8,RoadCanada.vertex,InitializeSampleCC,5,0.01,0.2,4,1965206,5533214,5533214,29806,5890,22278,1167407.3389857342,3858085,1.005,1.005,1.006,2325911,0.420,2325911,0.420,0.000005,0.000002,0.000002
Edge,job_202102212220_0107,8,RoadCanada.vertex,InitializeSampleCC,10,0.02,0.1,4,1965206,5533214,5533214,25554,4147,19897,1147588.773256805,3733146,1.005,1.005,1.012,2375853,0.429,2375853,0.429,0.000016,0.000003,0.000003
Edge,job_202102212220_0227,8,RoadCanada.vertex,InitializeSampleCC,5,0.02,0.15,4,1965206,5533214,5533214,26520,4850,20194,1154887.0489220764,3745974,1.004,1.004,1.007,2352640,0.425,2352640,0.425,0.000008,0.000002,0.000002
Edge,job_202102212220_0283,8,RoadCanada.vertex,InitializeSampleCC,5,0.01,0.2,16,1965206,5533214,5533214,76152,6358,68318,1078452.2576825882,5586268,1.017,1.017,1.024,2556700,0.462,2556700,0.462,0.000039,0.000019,0.000019
Edge,job_202102212220_0021,8,RoadCanada.vertex,InitializeSampleCC,10,0.01,0.1,8,1965206,5533214,5533214,46987,5448,40109,1114097.339967793,5144509,1.013,1.013,1.013,2441515,0.441,2441515,0.441,0.000011,0.000014,0.000014
Edge,job_202102212220_0088,8,RoadCanada.vertex,InitializeSampleCC,15,0.015,0.1,16,1965206,5533214,5533214,79121,4224,73295,1085806.5867618457,5842268,1.018,1.018,1.024,2532319,0.458,2532319,0.458,0.000019,0.000020,0.000020
Edge,job_202102212220_0394,8,RoadCanada.vertex,InitializeSampleCC,15,0.02,0.2,4,1965206,5533214,5533214,26585,5412,19586,1167053.2759853264,3608685,1.006,1.006,1.013,2323540,0.420,2323540,0.420,0.000018,0.000003,0.000003
Edge,job_202102212220_0365,8,RoadCanada.vertex,InitializeSampleCC,5,0.02,0.2,4,1965206,5533214,5533214,27252,5330,20323,1171210.7432556094,3796519,1.006,1.006,1.015,2296086,0.415,2296086,0.415,0.000015,0.000003,0.000003
Edge,job_202102212220_0368,8,RoadCanada.vertex,InitializeSampleCC,5,0.02,0.2,8,1965206,5533214,5533214,45398,5925,37933,1114320.7690488275,4862380,1.013,1.013,1.012,2441199,0.441,2441199,0.441,0.000014,0.000010,0.000010
Edge,job_202102212220_0371,8,RoadCanada.vertex,InitializeSampleCC,5,0.02,0.2,16,1965206,5533214,5533214,79349,5694,71952,1091143.7068398648,5851017,1.015,1.015,1.028,2522443,0.456,2522443,0.456,0.000037,0.000018,0.000018
Edge,job_202102212220_0121,8,RoadCanada.vertex,InitializeSampleCC,15,0.02,0.1,4,1965206,5533214,5533214,24153,4347,18298,1155020.3446841005,3619421,1.004,1.004,1.003,2344024,0.424,2344024,0.424,0.000001,0.000003,0.000003
Edge,job_202102212220_0057,8,RoadCanada.vertex,InitializeSampleCC,5,0.015,0.1,16,1965206,5533214,5533214,76374,4073,70678,1092170.7890952986,5742804,1.017,1.017,1.018,2513697,0.454,2513697,0.454,0.000020,0.000020,0.000020
Edge,job_202102212220_0340,8,RoadCanada.vertex,InitializeSampleCC,10,0.015,0.2,8,1965206,5533214,5533214,45755,5671,38430,1101731.409110488,4948173,1.011,1.011,1.014,2478351,0.448,2478351,0.448,0.000018,0.000009,0.000009
Edge,job_202102212220_0401,8,RoadCanada.vertex,InitializeSampleCC,15,0.02,0.2,16,1965206,5533214,5533214,75357,5926,67792,1085175.888031412,5557686,1.014,1.014,1.021,2537201,0.459,2537201,0.459,0.000029,0.000017,0.000017
Edge,job_202102212220_0149,8,RoadCanada.vertex,InitializeSampleCC,5,0.01,0.15,16,1965206,5533214,5533214,81703,6930,73180,1090621.3432226756,5943983,1.017,1.017,1.026,2522921,0.456,2522921,0.456,0.000032,0.000019,0.000019
Edge,job_202102212220_0251,8,RoadCanada.vertex,InitializeSampleCC,10,0.02,0.15,16,1965206,5533214,5533214,79687,4161,73815,1081364.0579203668,5860749,1.017,1.017,1.019,2539771,0.459,2539771,0.459,0.000027,0.000020,0.000020
Edge,job_202102212220_0103,8,RoadCanada.vertex,InitializeSampleCC,5,0.02,0.1,16,1965206,5533214,5533214,82426,4109,76759,1092999.8343496756,6082024,1.019,1.019,1.025,2510396,0.454,2510396,0.454,0.000050,0.000021,0.000021
Edge,job_202102212220_0051,8,RoadCanada.vertex,InitializeSampleCC,5,0.015,0.1,8,1965206,5533214,5533214,44412,4257,38512,1116718.4590648361,4989177,1.013,1.013,1.006,2425814,0.438,2425814,0.438,0.000005,0.000012,0.000012
Edge,job_202102212220_0354,8,RoadCanada.vertex,InitializeSampleCC,15,0.015,0.2,8,1965206,5533214,5533214,46391,5581,39160,1113317.6252535228,4937922,1.011,1.011,1.013,2446559,0.442,2446559,0.442,0.000020,0.000006,0.000006
Edge,job_202102212220_0154,8,RoadCanada.vertex,InitializeSampleCC,10,0.01,0.15,4,1965206,5533214,5533214,27849,5355,21042,1168206.3124753097,3855378,1.003,1.003,1.006,2311761,0.418,2311761,0.418,0.000002,0.000001,0.000001
Edge,job_202102212220_0358,8,RoadCanada.vertex,InitializeSampleCC,15,0.015,0.2,16,1965206,5533214,5533214,71916,5121,65341,1073113.3176200408,5401265,1.017,1.017,1.023,2570061,0.464,2570061,0.464,0.000028,0.000019,0.000019
Edge,job_202102212220_0314,8,RoadCanada.vertex,InitializeSampleCC,15,0.01,0.2,16,1965206,5533214,5533214,75530,9699,64178,1072707.081697469,5382984,1.019,1.019,1.018,2570768,0.465,2570768,0.465,0.000026,0.000024,0.000024
Edge,job_202102212220_0325,8,RoadCanada.vertex,InitializeSampleCC,5,0.015,0.2,8,1965206,5533214,5533214,45169,6446,37353,1111344.2736021488,4919190,1.014,1.014,1.016,2453291,0.443,2453291,0.443,0.000022,0.000012,0.000012
Edge,job_202102212220_0194,8,RoadCanada.vertex,InitializeSampleCC,5,0.015,0.15,16,1965206,5533214,5533214,81345,4630,75079,1089513.1236662415,5949478,1.016,1.016,1.026,2520400,0.456,2520400,0.456,0.000031,0.000022,0.000022
Edge,job_202102212220_0346,8,RoadCanada.vertex,InitializeSampleCC,15,0.015,0.2,4,1965206,5533214,5533214,26207,5521,19029,1169682.59882664,3649032,1.005,1.005,1.009,2305115,0.417,2305115,0.417,0.000009,0.000002,0.000002
Edge,job_202102212220_0096,8,RoadCanada.vertex,InitializeSampleCC,5,0.02,0.1,8,1965206,5533214,5533214,46256,6092,38767,1116497.346444557,5044903,1.014,1.014,1.021,2437099,0.440,2437099,0.440,0.000020,0.000010,0.000010
Edge,job_202102212220_0336,8,RoadCanada.vertex,InitializeSampleCC,10,0.015,0.2,8,1965206,5533214,5533214,44558,5798,37080,1110096.88419045,4827127,1.010,1.010,1.012,2456044,0.444,2456044,0.444,0.000008,0.000008,0.000008
Edge,job_202102212220_0177,8,RoadCanada.vertex,InitializeSampleCC,15,0.01,0.15,16,1965206,5533214,5533214,79431,6611,71373,1086233.3924601572,5797571,1.015,1.015,1.013,2531363,0.457,2531363,0.457,0.000026,0.000019,0.000019
Edge,job_202102212220_0390,8,RoadCanada.vertex,InitializeSampleCC,10,0.02,0.2,16,1965206,5533214,5533214,78743,6050,71181,1080733.635030978,5775594,1.019,1.019,1.023,2546996,0.460,2546996,0.460,0.000029,0.000022,0.000022
Edge,job_202102212220_0359,8,RoadCanada.vertex,InitializeSampleCC,15,0.015,0.2,16,1965206,5533214,5533214,81813,5808,74383,1083008.7997613144,5864396,1.018,1.018,1.025,2540718,0.459,2540718,0.459,0.000039,0.000022,0.000022
Edge,job_202102212220_0203,8,RoadCanada.vertex,InitializeSampleCC,10,0.015,0.15,8,1965206,5533214,5533214,43714,4952,37107,1104607.8793016337,4867688,1.013,1.013,1.018,2469294,0.446,2469294,0.446,0.000018,0.000012,0.000012
Edge,job_202102212220_0080,8,RoadCanada.vertex,InitializeSampleCC,15,0.015,0.1,4,1965206,5533214,5533214,27206,4622,21195,1163438.4505557462,3993867,1.009,1.009,1.004,2311835,0.418,2311835,0.418,0.000002,0.000007,0.000007
Edge,job_202102212220_0102,8,RoadCanada.vertex,InitializeSampleCC,5,0.02,0.1,16,1965206,5533214,5533214,76986,4164,71229,1084979.4530152853,5761345,1.018,1.018,1.028,2533332,0.458,2533332,0.458,0.000020,0.000020,0.000020
Edge,job_202102212220_0202,8,RoadCanada.vertex,InitializeSampleCC,10,0.015,0.15,8,1965206,5533214,5533214,45426,4841,38975,1116323.3996982698,5021570,1.012,1.012,1.012,2438594,0.441,2438594,0.441,0.000012,0.000010,0.000010
Edge,job_202102212220_0188,8,RoadCanada.vertex,InitializeSampleCC,5,0.015,0.15,8,1965206,5533214,5533214,46996,5508,39892,1119835.2981261339,5100608,1.014,1.014,1.011,2428825,0.439,2428825,0.439,0.000009,0.000011,0.000011
Edge,job_202102212220_0317,8,RoadCanada.vertex,InitializeSampleCC,5,0.015,0.2,4,1965206,5533214,5533214,26014,5377,19070,1172834.5832234237,3678839,1.008,1.008,1.011,2297674,0.415,2297674,0.415,0.000016,0.000005,0.000005
Edge,job_202102212220_0405,8,RoadCanada.vertex,InitializeSampleCC,15,0.02,0.2,16,1965206,5533214,5533214,81957,8885,71379,1082781.1477773914,5712421,1.017,1.017,1.017,2542950,0.460,2542950,0.460,0.000031,0.000018,0.000018
Edge,job_202102212220_0280,8,RoadCanada.vertex,InitializeSampleCC,5,0.01,0.2,8,1965206,5533214,5533214,45390,5536,38234,1116242.1011901759,4968077,1.012,1.012,1.021,2437163,0.440,2437163,0.440,0.000026,0.000009,0.000009
Edge,job_202102212220_0100,8,RoadCanada.vertex,InitializeSampleCC,5,0.02,0.1,8,1965206,5533214,5533214,41702,5027,35231,1108937.9946008788,4748367,1.012,1.012,1.017,2452797,0.443,2452797,0.443,0.000021,0.000010,0.000010
Edge,job_202102212220_0030,8,RoadCanada.vertex,InitializeSampleCC,10,0.01,0.1,16,1965206,5533214,5533214,80712,5264,74041,1097826.1980952404,5905908,1.019,1.019,1.015,2497481,0.451,2497481,0.451,0.000021,0.000022,0.000022
Edge,job_202102212220_0404,8,RoadCanada.vertex,InitializeSampleCC,15,0.02,0.2,16,1965206,5533214,5533214,76102,5754,68669,1077952.5823971373,5582094,1.018,1.018,1.026,2560212,0.463,2560212,0.463,0.000057,0.000023,0.000023
Edge,job_202102212220_0029,8,RoadCanada.vertex,InitializeSampleCC,10,0.01,0.1,16,1965206,5533214,5533214,83598,4944,77291,1097267.2093965064,6125011,1.016,1.016,1.026,2499191,0.452,2499191,0.452,0.000041,0.000021,0.000021
Edge,job_202102212220_0105,8,RoadCanada.vertex,InitializeSampleCC,5,0.02,0.1,16,1965206,5533214,5533214,83363,4071,77699,1095375.7088553563,6110807,1.017,1.017,1.030,2504030,0.453,2504030,0.453,0.000031,0.000023,0.000023
Edge,job_202102212220_0173,8,RoadCanada.vertex,InitializeSampleCC,15,0.01,0.15,8,1965206,5533214,5533214,44998,5763,37686,1113657.836269477,4995678,1.011,1.011,1.012,2444576,0.442,2444576,0.442,0.000013,0.000009,0.000009
Edge,job_202102212220_0218,8,RoadCanada.vertex,InitializeSampleCC,15,0.015,0.15,8,1965206,5533214,5533214,45927,5087,39319,1113137.1379370473,5054001,1.014,1.014,1.012,2442717,0.441,2442717,0.441,0.000024,0.000011,0.000011
Edge,job_202102212220_0038,8,RoadCanada.vertex,InitializeSampleCC,15,0.01,0.1,8,1965206,5533214,5533214,47300,4615,41142,1116061.9580003829,5273994,1.013,1.013,1.013,2431198,0.439,2431198,0.439,0.000025,0.000013,0.000013
Edge,job_202102212220_0264,8,RoadCanada.vertex,InitializeSampleCC,15,0.02,0.15,8,1965206,5533214,5533214,44054,4672,37809,1113312.8975076324,4927029,1.013,1.013,1.012,2443668,0.442,2443668,0.442,0.000019,0.000010,0.000010
Edge,job_202102212220_0244,8,RoadCanada.vertex,InitializeSampleCC,10,0.02,0.15,4,1965206,5533214,5533214,26132,5185,19590,1164956.640507856,3796346,1.006,1.006,1.009,2308666,0.417,2308666,0.417,0.000014,0.000002,0.000002
Edge,job_202102212220_0186,8,RoadCanada.vertex,InitializeSampleCC,5,0.015,0.15,8,1965206,5533214,5533214,45066,4845,38588,1112388.370714265,4948099,1.012,1.012,1.013,2447546,0.442,2447546,0.442,0.000012,0.000011,0.000011
Edge,job_202102212220_0085,8,RoadCanada.vertex,InitializeSampleCC,15,0.015,0.1,8,1965206,5533214,5533214,45977,4248,40203,1116559.4829528285,5163482,1.010,1.010,1.015,2429304,0.439,2429304,0.439,0.000018,0.000011,0.000011
Edge,job_202102212220_0269,8,RoadCanada.vertex,InitializeSampleCC,15,0.02,0.15,16,1965206,5533214,5533214,79718,4883,73415,1086307.5221584057,5832637,1.018,1.018,1.020,2529346,0.457,2529346,0.457,0.000018,0.000021,0.000021
Edge,job_202102212220_0018,8,RoadCanada.vertex,InitializeSampleCC,10,0.01,0.1,4,1965206,5533214,5533214,27349,4844,21069,1158526.1571437865,3964531,1.008,1.008,1.010,2325364,0.420,2325364,0.420,0.000014,0.000005,0.000005
Edge,job_202102212220_0319,8,RoadCanada.vertex,InitializeSampleCC,5,0.015,0.2,4,1965206,5533214,5533214,26470,6524,18423,1160522.3568743183,3538263,1.007,1.007,1.005,2330325,0.421,2330325,0.421,0.000004,0.000004,0.000004
Edge,job_202102212220_0064,8,RoadCanada.vertex,InitializeSampleCC,10,0.015,0.1,4,1965206,5533214,5533214,27331,4773,21068,1162113.4489371367,3971070,1.005,1.005,1.008,2312319,0.418,2312319,0.418,0.000008,0.000004,0.000004
Edge,job_202102212220_0232,8,RoadCanada.vertex,InitializeSampleCC,5,0.02,0.15,8,1965206,5533214,5533214,45263,5438,38220,1113186.4227304615,4964026,1.014,1.014,1.011,2437949,0.441,2437949,0.441,0.000013,0.000009,0.000009
Edge,job_202102212220_0208,8,RoadCanada.vertex,InitializeSampleCC,10,0.015,0.15,16,1965206,5533214,5533214,82716,5457,75707,1088174.4351274394,6012637,1.017,1.017,1.020,2524470,0.456,2524470,0.456,0.000022,0.000019,0.000019
Edge,job_202102212220_0260,8,RoadCanada.vertex,InitializeSampleCC,15,0.02,0.15,4,1965206,5533214,5533214,26083,5422,19074,1155743.2797154463,3621446,1.006,1.006,1.008,2345044,0.424,2345044,0.424,0.000006,0.000003,0.000003
Edge,job_202102212220_0304,8,RoadCanada.vertex,InitializeSampleCC,15,0.01,0.2,4,1965206,5533214,5533214,29100,8652,18959,1163657.6170002578,3613755,1.006,1.006,1.004,2324742,0.420,2324742,0.420,0.000003,0.000003,0.000003
Edge,job_202102212220_0259,8,RoadCanada.vertex,InitializeSampleCC,15,0.02,0.15,4,1965206,5533214,5533214,26526,5387,19692,1162398.3164443213,3737212,1.006,1.006,1.007,2324473,0.420,2324473,0.420,0.000011,0.000003,0.000003
Edge,job_202102212220_0026,8,RoadCanada.vertex,InitializeSampleCC,10,0.01,0.1,16,1965206,5533214,5533214,80703,5576,73623,1096629.903190376,5817514,1.019,1.019,1.021,2500717,0.452,2500717,0.452,0.000031,0.000023,0.000023
Edge,job_202102212220_0350,8,RoadCanada.vertex,InitializeSampleCC,15,0.015,0.2,4,1965206,5533214,5533214,26082,5662,18835,1169353.3060633515,3595016,1.006,1.006,1.011,2315111,0.418,2315111,0.418,0.000016,0.000002,0.000002
Edge,job_202102212220_0261,8,RoadCanada.vertex,InitializeSampleCC,15,0.02,0.15,8,1965206,5533214,5533214,45765,4833,39244,1109648.1324757678,5082637,1.011,1.011,1.022,2447437,0.442,2447437,0.442,0.000036,0.000007,0.000007
Edge,job_202102212220_0008,8,RoadCanada.vertex,InitializeSampleCC,5,0.01,0.1,8,1965206,5533214,5533214,42398,4147,36792,1111624.856618673,4823974,1.014,1.014,1.005,2448325,0.442,2448325,0.442,0.000001,0.000012,0.000012
Edge,job_202102212220_0164,8,RoadCanada.vertex,InitializeSampleCC,10,0.01,0.15,16,1965206,5533214,5533214,78468,5842,71209,1088235.3281576284,5772152,1.017,1.017,1.019,2527108,0.457,2527108,0.457,0.000021,0.000019,0.000019
Edge,job_202102212220_0098,8,RoadCanada.vertex,InitializeSampleCC,5,0.02,0.1,8,1965206,5533214,5533214,45316,3993,39835,1110775.0807472223,5146006,1.013,1.013,1.015,2446899,0.442,2446899,0.442,0.000012,0.000011,0.000011
Edge,job_202102212220_0357,8,RoadCanada.vertex,InitializeSampleCC,15,0.015,0.2,16,1965206,5533214,5533214,81685,5652,74305,1085303.7888877594,5901460,1.016,1.016,1.018,2532624,0.458,2532624,0.458,0.000028,0.000019,0.000019
Edge,job_202102212220_0162,8,RoadCanada.vertex,InitializeSampleCC,10,0.01,0.15,16,1965206,5533214,5533214,80948,4981,74243,1095248.9185392035,5823317,1.016,1.016,1.022,2505877,0.453,2505877,0.453,0.000031,0.000023,0.000023
Edge,job_202102212220_0379,8,RoadCanada.vertex,InitializeSampleCC,10,0.02,0.2,4,1965206,5533214,5533214,27084,5726,19778,1163562.743142302,3613168,1.003,1.003,1.009,2331403,0.421,2331403,0.421,0.000005,0.000001,0.000001
Edge,job_202102212220_0337,8,RoadCanada.vertex,InitializeSampleCC,10,0.015,0.2,8,1965206,5533214,5533214,45306,5757,38026,1109975.489159031,4940344,1.010,1.010,1.010,2453186,0.443,2453186,0.443,0.000013,0.000007,0.000007
Edge,job_202102212220_0257,8,RoadCanada.vertex,InitializeSampleCC,15,0.02,0.15,4,1965206,5533214,5533214,27528,4867,21127,1164001.1276999686,3876431,1.006,1.006,1.010,2315374,0.418,2315374,0.418,0.000012,0.000003,0.000003
Edge,job_202102212220_0013,8,RoadCanada.vertex,InitializeSampleCC,5,0.01,0.1,16,1965206,5533214,5533214,78577,5366,71584,1093791.4951428506,5723123,1.018,1.018,1.019,2511316,0.454,2511316,0.454,0.000014,0.000021,0.000021
Edge,job_202102212220_0044,8,RoadCanada.vertex,InitializeSampleCC,15,0.01,0.1,16,1965206,5533214,5533214,80706,5032,74071,1091591.7455710233,6050898,1.019,1.019,1.023,2514359,0.454,2514359,0.454,0.000022,0.000024,0.000024
Edge,job_202102212220_0345,8,RoadCanada.vertex,InitializeSampleCC,10,0.015,0.2,16,1965206,5533214,5533214,75490,5640,68191,1081618.4460782402,5536238,1.018,1.018,1.018,2544910,0.460,2544910,0.460,0.000017,0.000018,0.000018
Edge,job_202102212220_0234,8,RoadCanada.vertex,InitializeSampleCC,5,0.02,0.15,8,1965206,5533214,5533214,44706,5017,38301,1111253.2546821034,4845347,1.014,1.014,1.013,2451278,0.443,2451278,0.443,0.000020,0.000011,0.000011
Edge,job_202102212220_0380,8,RoadCanada.vertex,InitializeSampleCC,10,0.02,0.2,4,1965206,5533214,5533214,25588,5718,18288,1160161.21500126,3541355,1.008,1.008,1.005,2331879,0.421,2331879,0.421,0.000002,0.000005,0.000005
Edge,job_202102212220_0086,8,RoadCanada.vertex,InitializeSampleCC,15,0.015,0.1,16,1965206,5533214,5533214,79061,4355,73180,1093864.3883320664,5858344,1.017,1.017,1.024,2508718,0.453,2508718,0.453,0.000026,0.000023,0.000023
Edge,job_202102212220_0114,8,RoadCanada.vertex,InitializeSampleCC,10,0.02,0.1,8,1965206,5533214,5533214,44527,4842,38162,1112305.5539845678,4976236,1.012,1.012,1.013,2442397,0.441,2442397,0.441,0.000010,0.000011,0.000011
Edge,job_202102212220_0210,8,RoadCanada.vertex,InitializeSampleCC,10,0.015,0.15,16,1965206,5533214,5533214,77443,4799,70946,1083824.0819996842,5753105,1.016,1.016,1.018,2539979,0.459,2539979,0.459,0.000020,0.000020,0.000020
Edge,job_202102212220_0077,8,RoadCanada.vertex,InitializeSampleCC,15,0.015,0.1,4,1965206,5533214,5533214,26961,5169,20283,1151535.6370968795,3801120,1.007,1.007,1.005,2349338,0.425,2349338,0.425,0.000002,0.000003,0.000003
Edge,job_202102212220_0184,8,RoadCanada.vertex,InitializeSampleCC,5,0.015,0.15,4,1965206,5533214,5533214,26339,5943,19053,1161220.164509217,3714447,1.007,1.007,1.005,2321239,0.420,2321239,0.420,0.000002,0.000005,0.000005
Edge,job_202102212220_0192,8,RoadCanada.vertex,InitializeSampleCC,5,0.015,0.15,16,1965206,5533214,5533214,80093,4674,73754,1084328.5991903618,5841141,1.018,1.018,1.022,2535157,0.458,2535157,0.458,0.000025,0.000024,0.000024
Edge,job_202102212220_0402,8,RoadCanada.vertex,InitializeSampleCC,15,0.02,0.2,16,1965206,5533214,5533214,76920,5011,70253,1083260.2201735806,5621833,1.018,1.018,1.022,2539312,0.459,2539312,0.459,0.000025,0.000022,0.000022
Edge,job_202102212220_0036,8,RoadCanada.vertex,InitializeSampleCC,15,0.01,0.1,8,1965206,5533214,5533214,46476,4827,39870,1120002.7589038026,5138299,1.013,1.013,1.014,2424199,0.438,2424199,0.438,0.000019,0.000011,0.000011
Edge,job_202102212220_0113,8,RoadCanada.vertex,InitializeSampleCC,10,0.02,0.1,8,1965206,5533214,5533214,45893,4129,40134,1117288.9402058506,5146993,1.013,1.013,1.012,2430070,0.439,2430070,0.439,0.000016,0.000010,0.000010
Edge,job_202102212220_0090,8,RoadCanada.vertex,InitializeSampleCC,15,0.015,0.1,16,1965206,5533214,5533214,83501,4877,77130,1095146.376299882,6117098,1.017,1.017,1.030,2503910,0.453,2503910,0.453,0.000025,0.000022,0.000022
Edge,job_202102212220_0343,8,RoadCanada.vertex,InitializeSampleCC,10,0.015,0.2,16,1965206,5533214,5533214,77536,5870,70076,1084871.9811098375,5634371,1.018,1.018,1.027,2542182,0.459,2542182,0.459,0.000039,0.000019,0.000019
Edge,job_202102212220_0292,8,RoadCanada.vertex,InitializeSampleCC,10,0.01,0.2,8,1965206,5533214,5533214,44878,5797,37540,1114089.6273174523,4932386,1.014,1.014,1.018,2452461,0.443,2452461,0.443,0.000036,0.000014,0.000014
Edge,job_202102212220_0145,8,RoadCanada.vertex,InitializeSampleCC,5,0.01,0.15,8,1965206,5533214,5533214,45838,6333,38051,1111906.8625233541,4954684,1.013,1.013,1.011,2447001,0.442,2447001,0.442,0.000013,0.000010,0.000010
Edge,job_202102212220_0050,8,RoadCanada.vertex,InitializeSampleCC,5,0.015,0.1,4,1965206,5533214,5533214,29290,5896,21851,1161984.2728410687,4026613,1.006,1.006,1.008,2315254,0.418,2315254,0.418,0.000006,0.000002,0.000002
Edge,job_202102212220_0307,8,RoadCanada.vertex,InitializeSampleCC,15,0.01,0.2,8,1965206,5533214,5533214,44321,5888,36811,1111773.553745,4801749,1.013,1.013,1.012,2455334,0.444,2455334,0.444,0.000017,0.000008,0.000008
Edge,job_202102212220_0137,8,RoadCanada.vertex,InitializeSampleCC,5,0.01,0.15,4,1965206,5533214,5533214,26637,5125,19984,1156732.0545882443,3643076,1.005,1.005,1.014,2350810,0.425,2350810,0.425,0.000017,0.000002,0.000002
Edge,job_202102212220_0213,8,RoadCanada.vertex,InitializeSampleCC,15,0.015,0.15,4,1965206,5533214,5533214,27702,5705,20493,1164984.9035412858,3813087,1.005,1.005,1.005,2315357,0.418,2315357,0.418,0.000002,0.000003,0.000003
Edge,job_202102212220_0214,8,RoadCanada.vertex,InitializeSampleCC,15,0.015,0.15,4,1965206,5533214,5533214,26889,5598,19699,1163172.781539863,3734744,1.005,1.005,1.014,2320165,0.419,2320165,0.419,0.000018,0.000004,0.000004
Edge,job_202102212220_0070,8,RoadCanada.vertex,InitializeSampleCC,10,0.015,0.1,8,1965206,5533214,5533214,44145,4799,37688,1104521.5365394496,4898965,1.016,1.016,1.024,2463128,0.445,2463128,0.445,0.000049,0.000014,0.000014
Edge,job_202102212220_0240,8,RoadCanada.vertex,InitializeSampleCC,5,0.02,0.15,16,1965206,5533214,5533214,82199,5832,74894,1084644.6529367734,5919567,1.018,1.018,1.027,2531282,0.457,2531282,0.457,0.000029,0.000021,0.000021
Edge,job_202102212220_0221,8,RoadCanada.vertex,InitializeSampleCC,15,0.015,0.15,16,1965206,5533214,5533214,83486,5898,75958,1089274.375141605,6011379,1.018,1.018,1.022,2524708,0.456,2524708,0.456,0.000034,0.000021,0.000021
Edge,job_202102212220_0015,8,RoadCanada.vertex,InitializeSampleCC,5,0.01,0.1,16,1965206,5533214,5533214,80297,5186,73474,1099315.7694123227,5919557,1.017,1.017,1.023,2494108,0.451,2494108,0.451,0.000037,0.000024,0.000024
Edge,job_202102212220_0159,8,RoadCanada.vertex,InitializeSampleCC,10,0.01,0.15,8,1965206,5533214,5533214,43001,5465,36046,1114484.82566667,4804347,1.012,1.012,1.005,2446709,0.442,2446709,0.442,0.000004,0.000009,0.000009
Edge,job_202102212220_0132,8,RoadCanada.vertex,InitializeSampleCC,15,0.02,0.1,16,1965206,5533214,5533214,77974,4116,72208,1097111.6126034001,5825420,1.017,1.017,1.012,2497564,0.451,2497564,0.451,0.000015,0.000021,0.000021
Edge,job_202102212220_0290,8,RoadCanada.vertex,InitializeSampleCC,10,0.01,0.2,4,1965206,5533214,5533214,26216,5877,18817,1160918.8556358425,3529123,1.006,1.006,1.010,2344995,0.424,2344995,0.424,0.000007,0.000003,0.000003
Edge,job_202102212220_0276,8,RoadCanada.vertex,InitializeSampleCC,5,0.01,0.2,8,1965206,5533214,5533214,45752,5853,38402,1105987.45244323,4935129,1.010,1.010,1.015,2465141,0.446,2465141,0.446,0.000028,0.000007,0.000007
Edge,job_202102212220_0079,8,RoadCanada.vertex,InitializeSampleCC,15,0.015,0.1,4,1965206,5533214,5533214,25565,5146,19010,1157991.238856987,3666751,1.005,1.005,1.010,2343774,0.424,2343774,0.424,0.000007,0.000002,0.000002
Edge,job_202102212220_0043,8,RoadCanada.vertex,InitializeSampleCC,15,0.01,0.1,16,1965206,5533214,5533214,79810,5512,72792,1091694.3171575635,5864529,1.019,1.019,1.021,2514056,0.454,2514056,0.454,0.000039,0.000025,0.000025
Edge,job_202102212220_0073,8,RoadCanada.vertex,InitializeSampleCC,10,0.015,0.1,16,1965206,5533214,5533214,86045,4328,80071,1090640.7313495413,6214341,1.017,1.017,1.012,2514946,0.455,2514946,0.455,0.000011,0.000021,0.000021
Edge,job_202102212220_0163,8,RoadCanada.vertex,InitializeSampleCC,10,0.01,0.15,16,1965206,5533214,5533214,79898,5299,73015,1089640.5562217725,5933644,1.017,1.017,1.020,2522084,0.456,2522084,0.456,0.000034,0.000019,0.000019
Edge,job_202102212220_0246,8,RoadCanada.vertex,InitializeSampleCC,10,0.02,0.15,8,1965206,5533214,5533214,48207,5152,41421,1115014.1355715236,5179993,1.008,1.008,1.013,2433363,0.440,2433363,0.440,0.000017,0.000006,0.000006
Edge,job_202102212220_0101,8,RoadCanada.vertex,InitializeSampleCC,5,0.02,0.1,16,1965206,5533214,5533214,83592,4535,77490,1097759.469110347,6010035,1.017,1.017,1.022,2499149,0.452,2499149,0.452,0.000020,0.000021,0.000021
Edge,job_202102212220_0347,8,RoadCanada.vertex,InitializeSampleCC,15,0.015,0.2,4,1965206,5533214,5533214,27200,6058,19664,1171375.6013988059,3727314,1.005,1.005,1.006,2300331,0.416,2300331,0.416,0.000004,0.000003,0.000003
Edge,job_202102212220_0391,8,RoadCanada.vertex,InitializeSampleCC,15,0.02,0.2,4,1965206,5533214,5533214,27209,5995,19725,1163545.3403798302,3603743,1.007,1.007,1.010,2335258,0.422,2335258,0.422,0.000015,0.000004,0.000004
Edge,job_202102212220_0002,8,RoadCanada.vertex,InitializeSampleCC,5,0.01,0.1,4,1965206,5533214,5533214,27051,4696,20905,1155790.2678108593,3892145,1.005,1.005,1.002,2340667,0.423,2340667,0.423,0.000000,0.000002,0.000002
Edge,job_202102212220_0031,8,RoadCanada.vertex,InitializeSampleCC,15,0.01,0.1,4,1965206,5533214,5533214,25633,4975,19109,1150934.9043343018,3675295,1.007,1.007,1.007,2358948,0.426,2358948,0.426,0.000006,0.000003,0.000003
Edge,job_202102212220_0131,8,RoadCanada.vertex,InitializeSampleCC,15,0.02,0.1,16,1965206,5533214,5533214,78779,4280,72811,1092842.1783003684,5851688,1.018,1.018,1.025,2512422,0.454,2512422,0.454,0.000030,0.000025,0.000025
Edge,job_202102212220_0127,8,RoadCanada.vertex,InitializeSampleCC,15,0.02,0.1,8,1965206,5533214,5533214,47673,4335,41790,1118650.597839958,5257540,1.012,1.012,1.012,2424367,0.438,2424367,0.438,0.000015,0.000009,0.000009
Edge,job_202102212220_0298,8,RoadCanada.vertex,InitializeSampleCC,10,0.01,0.2,16,1965206,5533214,5533214,82501,6156,74667,1083123.204633828,5957128,1.019,1.019,1.019,2537715,0.459,2537715,0.459,0.000030,0.000024,0.000024
Edge,job_202102212220_0042,8,RoadCanada.vertex,InitializeSampleCC,15,0.01,0.1,16,1965206,5533214,5533214,82940,5334,75891,1093402.2961897019,5999515,1.020,1.020,1.014,2510581,0.454,2510581,0.454,0.000015,0.000026,0.000026
Edge,job_202102212220_0112,8,RoadCanada.vertex,InitializeSampleCC,10,0.02,0.1,8,1965206,5533214,5533214,45565,4772,39279,1111382.9039847376,5055200,1.012,1.012,1.015,2445211,0.442,2445211,0.442,0.000015,0.000011,0.000011
Edge,job_202102212220_0284,8,RoadCanada.vertex,InitializeSampleCC,5,0.01,0.2,16,1965206,5533214,5533214,78333,6274,70371,1079117.9368730441,5726954,1.015,1.015,1.016,2549703,0.461,2549703,0.461,0.000020,0.000017,0.000017
Edge,job_202102212220_0055,8,RoadCanada.vertex,InitializeSampleCC,5,0.015,0.1,8,1965206,5533214,5533214,44013,4646,37941,1112569.0917925246,4928955,1.013,1.013,1.014,2442372,0.441,2442372,0.441,0.000023,0.000009,0.000009
Edge,job_202102212220_0216,8,RoadCanada.vertex,InitializeSampleCC,15,0.015,0.15,8,1965206,5533214,5533214,45854,5201,39038,1113460.7498570334,5084397,1.011,1.011,1.016,2437464,0.441,2437464,0.441,0.000026,0.000008,0.000008
Edge,job_202102212220_0231,8,RoadCanada.vertex,InitializeSampleCC,5,0.02,0.15,8,1965206,5533214,5533214,43917,4907,37600,1113742.4842228205,4865851,1.013,1.013,1.012,2444342,0.442,2444342,0.442,0.000012,0.000009,0.000009
Edge,job_202102212220_0099,8,RoadCanada.vertex,InitializeSampleCC,5,0.02,0.1,8,1965206,5533214,5533214,45021,4282,39161,1119040.513428137,5066418,1.012,1.012,1.009,2428554,0.439,2428554,0.439,0.000005,0.000010,0.000010
Edge,job_202102212220_0027,8,RoadCanada.vertex,InitializeSampleCC,10,0.01,0.1,16,1965206,5533214,5533214,84949,7400,76076,1097565.3041736963,6002343,1.016,1.016,1.021,2494806,0.451,2494806,0.451,0.000020,0.000023,0.000023
Edge,job_202102212220_0226,8,RoadCanada.vertex,InitializeSampleCC,5,0.02,0.15,4,1965206,5533214,5533214,26558,4616,20466,1159103.2453659785,3708696,1.005,1.005,1.003,2344182,0.424,2344182,0.424,0.000001,0.000002,0.000002
Edge,job_202102212220_0168,8,RoadCanada.vertex,InitializeSampleCC,15,0.01,0.15,4,1965206,5533214,5533214,29297,5440,22294,1168609.2728101255,4071295,1.004,1.004,1.003,2299034,0.415,2299034,0.415,0.000001,0.000001,0.000001
Edge,job_202102212220_0323,8,RoadCanada.vertex,InitializeSampleCC,5,0.015,0.2,8,1965206,5533214,5533214,46824,5345,39909,1115607.405333343,5025915,1.012,1.012,1.020,2439414,0.441,2439414,0.441,0.000021,0.000011,0.000011
Edge,job_202102212220_0122,8,RoadCanada.vertex,InitializeSampleCC,15,0.02,0.1,4,1965206,5533214,5533214,25618,4868,19277,1155688.3182856212,3688027,1.007,1.007,1.012,2343067,0.423,2343067,0.423,0.000011,0.000003,0.000003
Edge,job_202102212220_0204,8,RoadCanada.vertex,InitializeSampleCC,10,0.015,0.15,8,1965206,5533214,5533214,45847,5364,38955,1110430.5242849018,5044886,1.011,1.011,1.016,2450078,0.443,2450078,0.443,0.000028,0.000010,0.000010
Edge,job_202102212220_0125,8,RoadCanada.vertex,InitializeSampleCC,15,0.02,0.1,4,1965206,5533214,5533214,26491,5183,19770,1152934.210809365,3716503,1.005,1.005,1.010,2352736,0.425,2352736,0.425,0.000010,0.000002,0.000002
Edge,job_202102212220_0324,8,RoadCanada.vertex,InitializeSampleCC,5,0.015,0.2,8,1965206,5533214,5533214,44400,5653,37203,1108924.7836037176,4822402,1.011,1.011,1.011,2464781,0.445,2464781,0.445,0.000016,0.000009,0.000009
Edge,job_202102212220_0110,8,RoadCanada.vertex,InitializeSampleCC,10,0.02,0.1,4,1965206,5533214,5533214,25277,4121,19709,1157770.0620621084,3727583,1.005,1.005,1.007,2340307,0.423,2340307,0.423,0.000005,0.000003,0.000003
Edge,job_202102212220_0062,8,RoadCanada.vertex,InitializeSampleCC,10,0.015,0.1,4,1965206,5533214,5533214,27272,5643,20202,1160561.8723170008,3953597,1.007,1.007,1.012,2313650,0.418,2313650,0.418,0.000015,0.000004,0.000004
Edge,job_202102212220_0265,8,RoadCanada.vertex,InitializeSampleCC,15,0.02,0.15,8,1965206,5533214,5533214,42407,4719,36147,1104920.8757312163,4811389,1.010,1.010,1.011,2460689,0.445,2460689,0.445,0.000007,0.000009,0.000009
Edge,job_202102212220_0399,8,RoadCanada.vertex,InitializeSampleCC,15,0.02,0.2,8,1965206,5533214,5533214,44717,5611,37535,1105312.8569365623,4812147,1.012,1.012,1.015,2465596,0.446,2465596,0.446,0.000022,0.000010,0.000010
Edge,job_202102212220_0087,8,RoadCanada.vertex,InitializeSampleCC,15,0.015,0.1,16,1965206,5533214,5533214,85784,4884,79381,1101287.1777613377,6202359,1.018,1.018,1.029,2486393,0.449,2486393,0.449,0.000035,0.000023,0.000023
Edge,job_202102212220_0034,8,RoadCanada.vertex,InitializeSampleCC,15,0.01,0.1,4,1965206,5533214,5533214,26366,4616,20245,1163444.931141866,3873873,1.005,1.005,1.010,2317301,0.419,2317301,0.419,0.000006,0.000002,0.000002
Edge,job_202102212220_0351,8,RoadCanada.vertex,InitializeSampleCC,15,0.015,0.2,8,1965206,5533214,5533214,41925,4951,35241,1101996.6040953442,4651689,1.011,1.011,1.022,2478139,0.448,2478139,0.448,0.000036,0.000010,0.000010
Edge,job_202102212220_0128,8,RoadCanada.vertex,InitializeSampleCC,15,0.02,0.1,8,1965206,5533214,5533214,45342,4319,39444,1118396.8036022037,5039659,1.013,1.013,1.018,2426809,0.439,2426809,0.439,0.000016,0.000011,0.000011
Edge,job_202102212220_0363,8,RoadCanada.vertex,InitializeSampleCC,5,0.02,0.2,4,1965206,5533214,5533214,27741,6048,20270,1176965.497842205,3812904,1.006,1.006,1.011,2280527,0.412,2280527,0.412,0.000017,0.000004,0.000004
Edge,job_202102212220_0069,8,RoadCanada.vertex,InitializeSampleCC,10,0.015,0.1,8,1965206,5533214,5533214,44657,4153,38985,1113032.7069836021,5058436,1.013,1.013,1.009,2441874,0.441,2441874,0.441,0.000004,0.000010,0.000010
Edge,job_202102212220_0187,8,RoadCanada.vertex,InitializeSampleCC,5,0.015,0.15,8,1965206,5533214,5533214,46046,5240,39228,1109944.7635542485,5026884,1.015,1.015,1.015,2450650,0.443,2450650,0.443,0.000018,0.000012,0.000012
Edge,job_202102212220_0315,8,RoadCanada.vertex,InitializeSampleCC,15,0.01,0.2,16,1965206,5533214,5533214,76403,5911,68956,1085211.7158405725,5665299,1.018,1.018,1.022,2536461,0.458,2536461,0.458,0.000030,0.000020,0.000020
Edge,job_202102212220_0275,8,RoadCanada.vertex,InitializeSampleCC,5,0.01,0.2,4,1965206,5533214,5533214,26614,5181,19877,1169648.2229221992,3672031,1.004,1.004,1.004,2312097,0.418,2312097,0.418,0.000003,0.000001,0.000001
Edge,job_202102212220_0140,8,RoadCanada.vertex,InitializeSampleCC,5,0.01,0.15,4,1965206,5533214,5533214,25410,5624,18272,1160867.3308269284,3633574,1.004,1.004,1.006,2327636,0.421,2327636,0.421,0.000002,0.000003,0.000003
Edge,job_202102212220_0352,8,RoadCanada.vertex,InitializeSampleCC,15,0.015,0.2,8,1965206,5533214,5533214,45869,5375,38823,1111976.4894286003,4951849,1.011,1.011,1.017,2448805,0.443,2448805,0.443,0.000027,0.000008,0.000008
Edge,job_202102212220_0248,8,RoadCanada.vertex,InitializeSampleCC,10,0.02,0.15,8,1965206,5533214,5533214,45482,4818,39070,1112022.8392385836,4942689,1.011,1.011,1.014,2448321,0.442,2448321,0.442,0.000024,0.000007,0.000007
Edge,job_202102212220_0254,8,RoadCanada.vertex,InitializeSampleCC,10,0.02,0.15,16,1965206,5533214,5533214,79488,6872,71169,1084941.6123012435,5752837,1.017,1.017,1.020,2531331,0.457,2531331,0.457,0.000023,0.000020,0.000020
Edge,job_202102212220_0329,8,RoadCanada.vertex,InitializeSampleCC,5,0.015,0.2,16,1965206,5533214,5533214,79169,4917,72540,1084396.708270191,5730127,1.016,1.016,1.023,2536939,0.458,2536939,0.458,0.000020,0.000018,0.000018
Edge,job_202102212220_0004,8,RoadCanada.vertex,InitializeSampleCC,5,0.01,0.1,4,1965206,5533214,5533214,28907,6325,21161,1165301.7879840946,4009855,1.006,1.006,1.009,2304072,0.416,2304072,0.416,0.000008,0.000003,0.000003
Edge,job_202102212220_0252,8,RoadCanada.vertex,InitializeSampleCC,10,0.02,0.15,16,1965206,5533214,5533214,78989,4922,72486,1084005.580935442,5721177,1.015,1.015,1.018,2536346,0.458,2536346,0.458,0.000029,0.000020,0.000020
Edge,job_202102212220_0200,8,RoadCanada.vertex,InitializeSampleCC,10,0.015,0.15,4,1965206,5533214,5533214,28157,4869,21698,1169839.06128477,3961565,1.006,1.006,1.007,2302107,0.416,2302107,0.416,0.000007,0.000003,0.000003
Edge,job_202102212220_0342,8,RoadCanada.vertex,InitializeSampleCC,10,0.015,0.2,16,1965206,5533214,5533214,77949,5741,70377,1079442.014745681,5745477,1.019,1.019,1.023,2551176,0.461,2551176,0.461,0.000048,0.000025,0.000025
Edge,job_202102212220_0130,8,RoadCanada.vertex,InitializeSampleCC,15,0.02,0.1,8,1965206,5533214,5533214,44531,4820,38189,1107993.6527300514,5025822,1.013,1.013,1.014,2453086,0.443,2453086,0.443,0.000024,0.000012,0.000012
Edge,job_202102212220_0229,8,RoadCanada.vertex,InitializeSampleCC,5,0.02,0.15,4,1965206,5533214,5533214,26681,5234,19870,1164028.473096624,3784455,1.005,1.005,1.003,2312900,0.418,2312900,0.418,0.000002,0.000002,0.000002
Edge,job_202102212220_0025,8,RoadCanada.vertex,InitializeSampleCC,10,0.01,0.1,8,1965206,5533214,5533214,47935,4677,41773,1120993.116983296,5348958,1.011,1.011,1.016,2417888,0.437,2417888,0.437,0.000018,0.000010,0.000010
Edge,job_202102212220_0201,8,RoadCanada.vertex,InitializeSampleCC,10,0.015,0.15,8,1965206,5533214,5533214,45140,5282,38318,1112295.485348829,4965980,1.012,1.012,1.019,2446000,0.442,2446000,0.442,0.000015,0.000009,0.000009
Edge,job_202102212220_0271,8,RoadCanada.vertex,InitializeSampleCC,5,0.01,0.2,4,1965206,5533214,5533214,26594,5429,19516,1168878.567414773,3724219,1.004,1.004,1.004,2304246,0.416,2304246,0.416,0.000005,0.000002,0.000002
Edge,job_202102212220_0370,8,RoadCanada.vertex,InitializeSampleCC,5,0.02,0.2,8,1965206,5533214,5533214,44994,5383,38002,1107407.610429736,4902920,1.012,1.012,1.012,2463181,0.445,2463181,0.445,0.000013,0.000010,0.000010
Edge,job_202102212220_0124,8,RoadCanada.vertex,InitializeSampleCC,15,0.02,0.1,4,1965206,5533214,5533214,28341,5083,21871,1152736.4266187535,4017044,1.006,1.006,1.009,2343567,0.424,2343567,0.424,0.000011,0.000002,0.000002
Edge,job_202102212220_0285,8,RoadCanada.vertex,InitializeSampleCC,5,0.01,0.2,16,1965206,5533214,5533214,79834,5660,72454,1087750.8685392798,5817844,1.017,1.017,1.016,2530422,0.457,2530422,0.457,0.000016,0.000021,0.000021
Edge,job_202102212220_0286,8,RoadCanada.vertex,InitializeSampleCC,10,0.01,0.2,4,1965206,5533214,5533214,26609,6518,18654,1163667.9785229333,3638447,1.006,1.006,1.004,2319581,0.419,2319581,0.419,0.000002,0.000003,0.000003
Edge,job_202102212220_0058,8,RoadCanada.vertex,InitializeSampleCC,5,0.015,0.1,16,1965206,5533214,5533214,80082,5147,73278,1096836.546904175,5828991,1.018,1.018,1.023,2502510,0.452,2502510,0.452,0.000027,0.000019,0.000019
Edge,job_202102212220_0061,8,RoadCanada.vertex,InitializeSampleCC,10,0.015,0.1,4,1965206,5533214,5533214,28333,4938,22036,1163270.1670788873,4069719,1.007,1.007,1.012,2308197,0.417,2308197,0.417,0.000010,0.000003,0.000003
Edge,job_202102212220_0303,8,RoadCanada.vertex,InitializeSampleCC,15,0.01,0.2,4,1965206,5533214,5533214,27842,5815,20390,1170113.1238101441,3741035,1.006,1.006,1.009,2310884,0.418,2310884,0.418,0.000007,0.000003,0.000003
Edge,job_202102212220_0338,8,RoadCanada.vertex,InitializeSampleCC,10,0.015,0.2,8,1965206,5533214,5533214,43860,5460,36703,1114090.0829677824,4820798,1.011,1.011,1.014,2443566,0.442,2443566,0.442,0.000013,0.000010,0.000010
Edge,job_202102212220_0147,8,RoadCanada.vertex,InitializeSampleCC,5,0.01,0.15,16,1965206,5533214,5533214,78389,5934,71032,1086715.847619007,5776721,1.018,1.018,1.019,2531817,0.458,2531817,0.458,0.000033,0.000024,0.000024
Edge,job_202102212220_0047,8,RoadCanada.vertex,InitializeSampleCC,5,0.015,0.1,4,1965206,5533214,5533214,23110,4253,17334,1153665.541158855,3530751,1.006,1.006,1.006,2361273,0.427,2361273,0.427,0.000002,0.000002,0.000002
Edge,job_202102212220_0191,8,RoadCanada.vertex,InitializeSampleCC,5,0.015,0.15,16,1965206,5533214,5533214,81860,5936,74456,1091496.0225395474,5916166,1.018,1.018,1.022,2513636,0.454,2513636,0.454,0.000043,0.000022,0.000022
Edge,job_202102212220_0115,8,RoadCanada.vertex,InitializeSampleCC,10,0.02,0.1,8,1965206,5533214,5533214,44668,4568,38613,1111639.69615812,5007801,1.012,1.012,1.012,2445096,0.442,2445096,0.442,0.000011,0.000010,0.000010
Edge,job_202102212220_0129,8,RoadCanada.vertex,InitializeSampleCC,15,0.02,0.1,8,1965206,5533214,5533214,46993,5275,40318,1115630.018794685,5167994,1.010,1.010,1.013,2431681,0.439,2431681,0.439,0.000011,0.000009,0.000009
Edge,job_202102212220_0255,8,RoadCanada.vertex,InitializeSampleCC,10,0.02,0.15,16,1965206,5533214,5533214,79132,4898,72684,1089628.70818961,5951667,1.018,1.018,1.028,2519586,0.455,2519586,0.455,0.000038,0.000022,0.000022
Edge,job_202102212220_0293,8,RoadCanada.vertex,InitializeSampleCC,10,0.01,0.2,8,1965206,5533214,5533214,42576,5447,35484,1108448.1755081858,4641682,1.010,1.010,1.011,2466474,0.446,2466474,0.446,0.000014,0.000008,0.000008
Edge,job_202102212220_0082,8,RoadCanada.vertex,InitializeSampleCC,15,0.015,0.1,8,1965206,5533214,5533214,44514,4867,38318,1109799.2403961595,4980867,1.012,1.012,1.009,2446498,0.442,2446498,0.442,0.000010,0.000011,0.000011
Edge,job_202102212220_0211,8,RoadCanada.vertex,InitializeSampleCC,15,0.015,0.15,4,1965206,5533214,5533214,26120,5507,19033,1162146.4588594004,3678740,1.004,1.004,1.010,2326144,0.420,2326144,0.420,0.000009,0.000002,0.000002
Edge,job_202102212220_0172,8,RoadCanada.vertex,InitializeSampleCC,15,0.01,0.15,8,1965206,5533214,5533214,43544,5332,36525,1114791.389556193,4793193,1.014,1.014,1.017,2441449,0.441,2441449,0.441,0.000028,0.000011,0.000011
Edge,job_202102212220_0139,8,RoadCanada.vertex,InitializeSampleCC,5,0.01,0.15,4,1965206,5533214,5533214,26828,5354,19879,1165030.3235718876,3809899,1.006,1.006,1.011,2304763,0.417,2304763,0.417,0.000014,0.000005,0.000005
Edge,job_202102212220_0059,8,RoadCanada.vertex,InitializeSampleCC,5,0.015,0.1,16,1965206,5533214,5533214,81041,8195,71431,1090990.5868249822,5835177,1.018,1.018,1.021,2515377,0.455,2515377,0.455,0.000018,0.000019,0.000019
Edge,job_202102212220_0005,8,RoadCanada.vertex,InitializeSampleCC,5,0.01,0.1,4,1965206,5533214,5533214,24886,5569,18034,1149127.6533336313,3613123,1.005,1.005,1.005,2368881,0.428,2368881,0.428,0.000004,0.000002,0.000002
Edge,job_202102212220_0362,8,RoadCanada.vertex,InitializeSampleCC,5,0.02,0.2,4,1965206,5533214,5533214,26940,5555,19759,1167796.483667331,3669978,1.006,1.006,1.005,2312929,0.418,2312929,0.418,0.000005,0.000003,0.000003
Edge,job_202102212220_0174,8,RoadCanada.vertex,InitializeSampleCC,15,0.01,0.15,8,1965206,5533214,5533214,46805,5469,39653,1112568.371936556,5041610,1.013,1.013,1.010,2444663,0.442,2444663,0.442,0.000006,0.000010,0.000010
Edge,job_202102212220_0117,8,RoadCanada.vertex,InitializeSampleCC,10,0.02,0.1,16,1965206,5533214,5533214,80129,4161,74265,1094332.4001588984,5944180,1.018,1.018,1.020,2506797,0.453,2506797,0.453,0.000026,0.000023,0.000023
Edge,job_202102212220_0383,8,RoadCanada.vertex,InitializeSampleCC,10,0.02,0.2,8,1965206,5533214,5533214,41863,4896,35316,1104155.1469532098,4642134,1.011,1.011,1.019,2477238,0.448,2477238,0.448,0.000039,0.000009,0.000009
Edge,job_202102212220_0360,8,RoadCanada.vertex,InitializeSampleCC,15,0.015,0.2,16,1965206,5533214,5533214,77389,5422,70331,1080022.6839672693,5644033,1.017,1.017,1.026,2550279,0.461,2550279,0.461,0.000039,0.000021,0.000021
Edge,job_202102212220_0011,8,RoadCanada.vertex,InitializeSampleCC,5,0.01,0.1,16,1965206,5533214,5533214,80730,4992,74278,1092914.034809585,5956368,1.018,1.018,1.021,2513397,0.454,2513397,0.454,0.000024,0.000019,0.000019
Edge,job_202102212220_0396,8,RoadCanada.vertex,InitializeSampleCC,15,0.02,0.2,8,1965206,5533214,5533214,45035,6391,37147,1109151.0840478477,4831372,1.012,1.012,1.015,2454554,0.444,2454554,0.444,0.000017,0.000008,0.000008
Edge,job_202102212220_0019,8,RoadCanada.vertex,InitializeSampleCC,10,0.01,0.1,4,1965206,5533214,5533214,25640,4188,19866,1154937.4406824538,3778189,1.007,1.007,1.004,2340608,0.423,2340608,0.423,0.000003,0.000004,0.000004
Edge,job_202102212220_0175,8,RoadCanada.vertex,InitializeSampleCC,15,0.01,0.15,8,1965206,5533214,5533214,44027,5419,36943,1108618.7909050663,4907448,1.014,1.014,1.019,2456504,0.444,2456504,0.444,0.000016,0.000015,0.000015
Edge,job_202102212220_0291,8,RoadCanada.vertex,InitializeSampleCC,10,0.01,0.2,8,1965206,5533214,5533214,46539,5882,39033,1121131.3709045541,5021199,1.012,1.012,1.016,2427941,0.439,2427941,0.439,0.000014,0.000011,0.000011
Edge,job_202102212220_0327,8,RoadCanada.vertex,InitializeSampleCC,5,0.015,0.2,16,1965206,5533214,5533214,81235,5858,73669,1089120.3667455914,5825336,1.018,1.018,1.012,2524393,0.456,2524393,0.456,0.000017,0.000020,0.000020
Edge,job_202102212220_0189,8,RoadCanada.vertex,InitializeSampleCC,5,0.015,0.15,8,1965206,5533214,5533214,46295,5204,39555,1108862.16861917,5108557,1.011,1.011,1.017,2454791,0.444,2454791,0.444,0.000010,0.000011,0.000011
Edge,job_202102212220_0321,8,RoadCanada.vertex,InitializeSampleCC,5,0.015,0.2,8,1965206,5533214,5533214,41781,5084,35119,1106045.3542689588,4592207,1.013,1.013,1.011,2468480,0.446,2468480,0.446,0.000008,0.000010,0.000010
Edge,job_202102212220_0270,8,RoadCanada.vertex,InitializeSampleCC,15,0.02,0.15,16,1965206,5533214,5533214,80541,5934,73112,1090811.4856832004,5832920,1.014,1.014,1.023,2518041,0.455,2518041,0.455,0.000026,0.000018,0.000018
Edge,job_202102212220_0278,8,RoadCanada.vertex,InitializeSampleCC,5,0.01,0.2,8,1965206,5533214,5533214,43099,5231,36192,1114151.561571613,4773126,1.011,1.011,1.016,2441744,0.441,2441744,0.441,0.000025,0.000008,0.000008
Edge,job_202102212220_0253,8,RoadCanada.vertex,InitializeSampleCC,10,0.02,0.15,16,1965206,5533214,5533214,78803,5425,71689,1083016.913396729,5729056,1.017,1.017,1.021,2538049,0.459,2538049,0.459,0.000019,0.000022,0.000022
Edge,job_202102212220_0287,8,RoadCanada.vertex,InitializeSampleCC,10,0.01,0.2,4,1965206,5533214,5533214,27689,6607,19646,1171098.9304618775,3695472,1.007,1.007,1.004,2305706,0.417,2305706,0.417,0.000002,0.000004,0.000004
Edge,job_202102212220_0126,8,RoadCanada.vertex,InitializeSampleCC,15,0.02,0.1,8,1965206,5533214,5533214,45866,4818,39492,1117793.2835403043,5101989,1.012,1.012,1.011,2427269,0.439,2427269,0.439,0.000018,0.000012,0.000012
Edge,job_202102212220_0349,8,RoadCanada.vertex,InitializeSampleCC,15,0.015,0.2,4,1965206,5533214,5533214,26689,5497,19722,1162707.7400785675,3634160,1.006,1.006,1.002,2334867,0.422,2334867,0.422,0.000001,0.000003,0.000003
Edge,job_202102212220_0348,8,RoadCanada.vertex,InitializeSampleCC,15,0.015,0.2,4,1965206,5533214,5533214,26451,5741,19220,1171723.6344118863,3704942,1.007,1.007,1.015,2291583,0.414,2291583,0.414,0.000014,0.000004,0.000004
Edge,job_202102212220_0039,8,RoadCanada.vertex,InitializeSampleCC,15,0.01,0.1,8,1965206,5533214,5533214,49687,5933,42457,1118098.2865081178,5323029,1.011,1.011,1.008,2423786,0.438,2423786,0.438,0.000009,0.000010,0.000010
Edge,job_202102212220_0185,8,RoadCanada.vertex,InitializeSampleCC,5,0.015,0.15,4,1965206,5533214,5533214,27048,5853,19624,1165373.536238244,3765196,1.008,1.008,1.008,2311743,0.418,2311743,0.418,0.000005,0.000005,0.000005
Edge,job_202102212220_0277,8,RoadCanada.vertex,InitializeSampleCC,5,0.01,0.2,8,1965206,5533214,5533214,43199,5539,36025,1113246.982888912,4769503,1.011,1.011,1.018,2452612,0.443,2452612,0.443,0.000036,0.000010,0.000010
Edge,job_202102212220_0045,8,RoadCanada.vertex,InitializeSampleCC,15,0.01,0.1,16,1965206,5533214,5533214,88636,8717,78555,1099614.4620953612,6189034,1.018,1.018,1.026,2495980,0.451,2495980,0.451,0.000030,0.000022,0.000022
Edge,job_202102212220_0356,8,RoadCanada.vertex,InitializeSampleCC,15,0.015,0.2,16,1965206,5533214,5533214,77416,6101,69613,1084736.670125809,5632785,1.019,1.019,1.022,2538182,0.459,2538182,0.459,0.000032,0.000024,0.000024
Edge,job_202102212220_0111,8,RoadCanada.vertex,InitializeSampleCC,10,0.02,0.1,8,1965206,5533214,5533214,44198,4501,38289,1113662.329794102,5017059,1.012,1.012,1.016,2438569,0.441,2438569,0.441,0.000018,0.000010,0.000010
Edge,job_202102212220_0279,8,RoadCanada.vertex,InitializeSampleCC,5,0.01,0.2,8,1965206,5533214,5533214,45305,5252,38624,1113773.311984956,4908729,1.013,1.013,1.013,2447385,0.442,2447385,0.442,0.000014,0.000010,0.000010
Edge,job_202102212220_0056,8,RoadCanada.vertex,InitializeSampleCC,5,0.015,0.1,16,1965206,5533214,5533214,83792,4116,78184,1094754.0199988366,6135822,1.019,1.019,1.025,2504415,0.453,2504415,0.453,0.000043,0.000022,0.000022
Edge,job_202102212220_0376,8,RoadCanada.vertex,InitializeSampleCC,10,0.02,0.2,4,1965206,5533214,5533214,24730,5431,17719,1159869.7210016716,3418621,1.004,1.004,1.008,2349383,0.425,2349383,0.425,0.000008,0.000002,0.000002
Edge,job_202102212220_0091,8,RoadCanada.vertex,InitializeSampleCC,5,0.02,0.1,4,1965206,5533214,5533214,25026,4305,19338,1162636.4026671185,3759665,1.004,1.004,1.001,2321118,0.419,2321118,0.419,0.000000,0.000003,0.000003
Edge,job_202102212220_0250,8,RoadCanada.vertex,InitializeSampleCC,10,0.02,0.15,8,1965206,5533214,5533214,43423,6952,34796,1103350.7748732858,4635979,1.013,1.013,1.016,2469075,0.446,2469075,0.446,0.000019,0.000010,0.000010
Edge,job_202102212220_0395,8,RoadCanada.vertex,InitializeSampleCC,15,0.02,0.2,4,1965206,5533214,5533214,26829,5511,19700,1164399.721317346,3616441,1.005,1.005,1.006,2329457,0.421,2329457,0.421,0.000003,0.000002,0.000002
Edge,job_202102212220_0141,8,RoadCanada.vertex,InitializeSampleCC,5,0.01,0.15,8,1965206,5533214,5533214,46263,5185,39569,1115821.7199053578,5146737,1.012,1.012,1.006,2432453,0.440,2432453,0.440,0.000004,0.000010,0.000010
Edge,job_202102212220_0155,8,RoadCanada.vertex,InitializeSampleCC,10,0.01,0.15,4,1965206,5533214,5533214,26321,5305,19425,1163259.4099698295,3710497,1.004,1.004,1.004,2327185,0.421,2327185,0.421,0.000002,0.000002,0.000002
Edge,job_202102212220_0012,8,RoadCanada.vertex,InitializeSampleCC,5,0.01,0.1,16,1965206,5533214,5533214,83048,4636,76864,1091827.4428718598,6020455,1.019,1.019,1.025,2517412,0.455,2517412,0.455,0.000032,0.000025,0.000025
Edge,job_202102212220_0320,8,RoadCanada.vertex,InitializeSampleCC,5,0.015,0.2,4,1965206,5533214,5533214,25537,5739,18253,1164952.2806817065,3571521,1.007,1.007,1.009,2319220,0.419,2319220,0.419,0.000007,0.000004,0.000004
Edge,job_202102212220_0361,8,RoadCanada.vertex,InitializeSampleCC,5,0.02,0.2,4,1965206,5533214,5533214,27257,5316,20267,1173186.207222554,3760080,1.005,1.005,1.003,2293470,0.414,2293470,0.414,0.000004,0.000003,0.000003
Edge,job_202102212220_0153,8,RoadCanada.vertex,InitializeSampleCC,10,0.01,0.15,4,1965206,5533214,5533214,28378,7506,19296,1162313.4808266333,3689011,1.006,1.006,1.008,2331121,0.421,2331121,0.421,0.000006,0.000003,0.000003
Edge,job_202102212220_0334,8,RoadCanada.vertex,InitializeSampleCC,10,0.015,0.2,4,1965206,5533214,5533214,27610,5398,20649,1167094.333413507,3772663,1.006,1.006,1.011,2311167,0.418,2311167,0.418,0.000023,0.000003,0.000003
Edge,job_202102212220_0249,8,RoadCanada.vertex,InitializeSampleCC,10,0.02,0.15,8,1965206,5533214,5533214,44992,5307,38232,1113090.035109636,4957487,1.015,1.015,1.014,2443754,0.442,2443754,0.442,0.000013,0.000010,0.000010
Edge,job_202102212220_0300,8,RoadCanada.vertex,InitializeSampleCC,10,0.01,0.2,16,1965206,5533214,5533214,83817,6055,76167,1085158.4212062117,6034597,1.018,1.018,1.020,2535748,0.458,2535748,0.458,0.000036,0.000023,0.000023
Edge,job_202102212220_0032,8,RoadCanada.vertex,InitializeSampleCC,15,0.01,0.1,4,1965206,5533214,5533214,25878,4602,19758,1144771.9247452451,3759464,1.007,1.007,1.008,2374223,0.429,2374223,0.429,0.000014,0.000005,0.000005
Edge,job_202102212220_0081,8,RoadCanada.vertex,InitializeSampleCC,15,0.015,0.1,8,1965206,5533214,5533214,45998,4941,39727,1117480.2848099193,5074977,1.015,1.015,1.014,2427963,0.439,2427963,0.439,0.000017,0.000011,0.000011
Edge,job_202102212220_0067,8,RoadCanada.vertex,InitializeSampleCC,10,0.015,0.1,8,1965206,5533214,5533214,44581,4541,38496,1113681.647191519,4996128,1.012,1.012,1.019,2439045,0.441,2439045,0.441,0.000016,0.000012,0.000012
Edge,job_202102212220_0364,8,RoadCanada.vertex,InitializeSampleCC,5,0.02,0.2,4,1965206,5533214,5533214,26576,5427,19598,1160676.3731285357,3596350,1.004,1.004,1.009,2340451,0.423,2340451,0.423,0.000010,0.000002,0.000002
Edge,job_202102212220_0092,8,RoadCanada.vertex,InitializeSampleCC,5,0.02,0.1,4,1965206,5533214,5533214,26334,4800,20221,1156056.1957626,3801854,1.005,1.005,1.003,2339828,0.423,2339828,0.423,0.000004,0.000004,0.000004
Edge,job_202102212220_0206,8,RoadCanada.vertex,InitializeSampleCC,10,0.015,0.15,16,1965206,5533214,5533214,79095,5502,72025,1082989.9217615682,5761425,1.019,1.019,1.031,2538519,0.459,2538519,0.459,0.000049,0.000025,0.000025
Edge,job_202102212220_0094,8,RoadCanada.vertex,InitializeSampleCC,5,0.02,0.1,4,1965206,5533214,5533214,25821,3994,20408,1161855.5203028454,3905819,1.007,1.007,1.003,2313220,0.418,2313220,0.418,0.000001,0.000004,0.000004
Edge,job_202102212220_0219,8,RoadCanada.vertex,InitializeSampleCC,15,0.015,0.15,8,1965206,5533214,5533214,46644,5026,39983,1120376.211872329,5093599,1.010,1.010,1.007,2425147,0.438,2425147,0.438,0.000004,0.000007,0.000007
Edge,job_202102212220_0242,8,RoadCanada.vertex,InitializeSampleCC,10,0.02,0.15,4,1965206,5533214,5533214,28482,6701,20246,1171635.0602868572,3843629,1.007,1.007,1.007,2290645,0.414,2290645,0.414,0.000008,0.000003,0.000003
Edge,job_202102212220_0071,8,RoadCanada.vertex,InitializeSampleCC,10,0.015,0.1,16,1965206,5533214,5533214,86098,4364,80050,1098824.0168727506,6334185,1.019,1.019,1.022,2493333,0.451,2493333,0.451,0.000031,0.000023,0.000023
Edge,job_202102212220_0075,8,RoadCanada.vertex,InitializeSampleCC,10,0.015,0.1,16,1965206,5533214,5533214,80574,4250,74745,1099390.958746281,6032444,1.018,1.018,1.017,2494692,0.451,2494692,0.451,0.000027,0.000020,0.000020
Edge,job_202102212220_0052,8,RoadCanada.vertex,InitializeSampleCC,5,0.015,0.1,8,1965206,5533214,5533214,45362,4164,39640,1118001.4176515015,5074160,1.014,1.014,1.022,2427183,0.439,2427183,0.439,0.000023,0.000013,0.000013
Edge,job_202102212220_0065,8,RoadCanada.vertex,InitializeSampleCC,10,0.015,0.1,4,1965206,5533214,5533214,27939,4706,21737,1157639.0388722096,4022523,1.006,1.006,1.004,2329383,0.421,2329383,0.421,0.000002,0.000002,0.000002
Edge,job_202102212220_0190,8,RoadCanada.vertex,InitializeSampleCC,5,0.015,0.15,8,1965206,5533214,5533214,43850,6022,36334,1111044.0337773724,4794502,1.012,1.012,1.012,2454389,0.444,2454389,0.444,0.000012,0.000009,0.000009
Edge,job_202102212220_0136,8,RoadCanada.vertex,InitializeSampleCC,5,0.01,0.15,4,1965206,5533214,5533214,28243,5215,21571,1159531.7357310583,3852272,1.006,1.006,1.007,2338253,0.423,2338253,0.423,0.000005,0.000003,0.000003
Edge,job_202102212220_0205,8,RoadCanada.vertex,InitializeSampleCC,10,0.015,0.15,8,1965206,5533214,5533214,43925,5042,37237,1109447.9174768997,4890252,1.013,1.013,1.015,2454598,0.444,2454598,0.444,0.000023,0.000009,0.000009
Edge,job_202102212220_0020,8,RoadCanada.vertex,InitializeSampleCC,10,0.01,0.1,4,1965206,5533214,5533214,27696,5956,20439,1158079.5096820705,3881013,1.006,1.006,1.003,2327826,0.421,2327826,0.421,0.000001,0.000003,0.000003
Edge,job_202102212220_0083,8,RoadCanada.vertex,InitializeSampleCC,15,0.015,0.1,8,1965206,5533214,5533214,46389,4031,40796,1120761.0118248546,5225239,1.010,1.010,1.011,2416190,0.437,2416190,0.437,0.000010,0.000009,0.000009
Edge,job_202102212220_0093,8,RoadCanada.vertex,InitializeSampleCC,5,0.02,0.1,4,1965206,5533214,5533214,25965,4253,20198,1150745.7908408416,3793103,1.007,1.007,1.005,2361412,0.427,2361412,0.427,0.000004,0.000004,0.000004
Edge,job_202102212220_0016,8,RoadCanada.vertex,InitializeSampleCC,10,0.01,0.1,4,1965206,5533214,5533214,27190,5068,20697,1157957.2072531185,3936539,1.007,1.007,1.014,2324431,0.420,2324431,0.420,0.000015,0.000004,0.000004
Edge,job_202102212220_0215,8,RoadCanada.vertex,InitializeSampleCC,15,0.015,0.15,4,1965206,5533214,5533214,25853,5344,19115,1157101.1331110983,3614547,1.006,1.006,1.002,2348734,0.424,2348734,0.424,0.000000,0.000003,0.000003
Edge,job_202102212220_0398,8,RoadCanada.vertex,InitializeSampleCC,15,0.02,0.2,8,1965206,5533214,5533214,44726,5614,37436,1106916.9334129493,4820453,1.012,1.012,1.012,2466825,0.446,2466825,0.446,0.000006,0.000009,0.000009
Edge,job_202102212220_0220,8,RoadCanada.vertex,InitializeSampleCC,15,0.015,0.15,8,1965206,5533214,5533214,45195,4899,38725,1105405.1580782689,5005252,1.010,1.010,1.016,2466794,0.446,2466794,0.446,0.000020,0.000013,0.000013
Edge,job_202102212220_0135,8,RoadCanada.vertex,InitializeSampleCC,15,0.02,0.1,16,1965206,5533214,5533214,78625,4338,72595,1094016.1787295071,5846302,1.019,1.019,1.021,2510278,0.454,2510278,0.454,0.000028,0.000022,0.000022
Edge,job_202102212220_0123,8,RoadCanada.vertex,InitializeSampleCC,15,0.02,0.1,4,1965206,5533214,5533214,25279,5061,18845,1155170.517064587,3681739,1.004,1.004,1.004,2347323,0.424,2347323,0.424,0.000001,0.000003,0.000003
Edge,job_202102212220_0247,8,RoadCanada.vertex,InitializeSampleCC,10,0.02,0.15,8,1965206,5533214,5533214,44083,5165,37248,1114788.3548087713,4868085,1.011,1.011,1.015,2436248,0.440,2436248,0.440,0.000026,0.000011,0.000011
Edge,job_202102212220_0167,8,RoadCanada.vertex,InitializeSampleCC,15,0.01,0.15,4,1965206,5533214,5533214,26219,5378,19198,1154894.4416993074,3636109,1.007,1.007,1.005,2347423,0.424,2347423,0.424,0.000002,0.000003,0.000003
Edge,job_202102212220_0171,8,RoadCanada.vertex,InitializeSampleCC,15,0.01,0.15,8,1965206,5533214,5533214,44777,5059,38118,1111489.8599521262,4959290,1.012,1.012,1.009,2444851,0.442,2444851,0.442,0.000017,0.000008,0.000008
Edge,job_202102212220_0144,8,RoadCanada.vertex,InitializeSampleCC,5,0.01,0.15,8,1965206,5533214,5533214,47318,5936,39866,1108900.36944401,5153019,1.012,1.012,1.020,2448308,0.442,2448308,0.442,0.000019,0.000007,0.000007
Edge,job_202102212220_0074,8,RoadCanada.vertex,InitializeSampleCC,10,0.015,0.1,16,1965206,5533214,5533214,78278,4444,72349,1092620.3961422583,5949653,1.020,1.020,1.019,2517005,0.455,2517005,0.455,0.000048,0.000026,0.000026
Edge,job_202102212220_0224,8,RoadCanada.vertex,InitializeSampleCC,15,0.015,0.15,16,1965206,5533214,5533214,74221,5007,67488,1083543.7868247584,5612977,1.017,1.017,1.024,2541238,0.459,2541238,0.459,0.000032,0.000020,0.000020
Edge,job_202102212220_0235,8,RoadCanada.vertex,InitializeSampleCC,5,0.02,0.15,8,1965206,5533214,5533214,42604,4910,36197,1107764.0773653414,4796874,1.014,1.014,1.008,2459300,0.444,2459300,0.444,0.000011,0.000013,0.000013
Edge,job_202102212220_0063,8,RoadCanada.vertex,InitializeSampleCC,10,0.015,0.1,4,1965206,5533214,5533214,28267,5939,20977,1158562.224810445,3945751,1.006,1.006,1.007,2323480,0.420,2323480,0.420,0.000005,0.000003,0.000003
Edge,job_202102212220_0161,8,RoadCanada.vertex,InitializeSampleCC,10,0.01,0.15,16,1965206,5533214,5533214,85809,5081,79107,1094408.5044595173,6217433,1.018,1.018,1.021,2506788,0.453,2506788,0.453,0.000025,0.000021,0.000021
Edge,job_202102212220_0193,8,RoadCanada.vertex,InitializeSampleCC,5,0.015,0.15,16,1965206,5533214,5533214,80019,5752,72834,1085122.6061109346,5737617,1.017,1.017,1.017,2535256,0.458,2535256,0.458,0.000029,0.000018,0.000018
Edge,job_202102212220_0239,8,RoadCanada.vertex,InitializeSampleCC,5,0.02,0.15,16,1965206,5533214,5533214,81136,5754,73983,1088964.8576494483,5854296,1.020,1.020,1.026,2522660,0.456,2522660,0.456,0.000045,0.000023,0.000023
Edge,job_202102212220_0256,8,RoadCanada.vertex,InitializeSampleCC,15,0.02,0.15,4,1965206,5533214,5533214,28524,4719,22276,1164229.086890193,3997416,1.006,1.006,1.007,2315647,0.418,2315647,0.418,0.000004,0.000003,0.000003
Edge,job_202102212220_0281,8,RoadCanada.vertex,InitializeSampleCC,5,0.01,0.2,16,1965206,5533214,5533214,79434,5884,71930,1082215.7322377996,5724329,1.018,1.018,1.017,2540671,0.459,2540671,0.459,0.000022,0.000020,0.000020
Edge,job_202102212220_0228,8,RoadCanada.vertex,InitializeSampleCC,5,0.02,0.15,4,1965206,5533214,5533214,28312,5166,21576,1167280.5628573615,3990091,1.006,1.006,1.005,2303249,0.416,2303249,0.416,0.000004,0.000003,0.000003
Edge,job_202102212220_0367,8,RoadCanada.vertex,InitializeSampleCC,5,0.02,0.2,8,1965206,5533214,5533214,41447,4747,35015,1104421.918681777,4704155,1.013,1.013,1.015,2470974,0.447,2470974,0.447,0.000027,0.000011,0.000011
Edge,job_202102212220_0330,8,RoadCanada.vertex,InitializeSampleCC,5,0.015,0.2,16,1965206,5533214,5533214,76272,5293,69380,1080871.178808716,5643890,1.016,1.016,1.023,2549325,0.461,2549325,0.461,0.000033,0.000018,0.000018
Edge,job_202102212220_0288,8,RoadCanada.vertex,InitializeSampleCC,10,0.01,0.2,4,1965206,5533214,5533214,27652,5759,20263,1167227.7295081567,3795601,1.006,1.006,1.006,2307213,0.417,2307213,0.417,0.000004,0.000003,0.000003
Edge,job_202102212220_0049,8,RoadCanada.vertex,InitializeSampleCC,5,0.015,0.1,4,1965206,5533214,5533214,27072,5071,20446,1151660.8218417957,3879556,1.006,1.006,1.007,2343186,0.423,2343186,0.423,0.000012,0.000004,0.000004
Edge,job_202102212220_0195,8,RoadCanada.vertex,InitializeSampleCC,5,0.015,0.15,16,1965206,5533214,5533214,78712,4810,72313,1088095.8336664257,5750129,1.016,1.016,1.021,2525128,0.456,2525128,0.456,0.000034,0.000020,0.000020
Edge,job_202102212220_0263,8,RoadCanada.vertex,InitializeSampleCC,15,0.02,0.15,8,1965206,5533214,5533214,44403,4794,38027,1116001.1373655892,4931466,1.011,1.011,1.011,2438914,0.441,2438914,0.441,0.000016,0.000008,0.000008
Edge,job_202102212220_0400,8,RoadCanada.vertex,InitializeSampleCC,15,0.02,0.2,8,1965206,5533214,5533214,45635,6564,37600,1109432.0805871163,4828715,1.012,1.012,1.012,2452988,0.443,2452988,0.443,0.000022,0.000007,0.000007
Edge,job_202102212220_0014,8,RoadCanada.vertex,InitializeSampleCC,5,0.01,0.1,16,1965206,5533214,5533214,80562,4519,74414,1097505.9523644303,5923408,1.017,1.017,1.020,2498650,0.452,2498650,0.452,0.000031,0.000021,0.000021
Edge,job_202102212220_0197,8,RoadCanada.vertex,InitializeSampleCC,10,0.015,0.15,4,1965206,5533214,5533214,26358,4909,19828,1163275.3320937334,3736201,1.003,1.003,1.003,2324813,0.420,2324813,0.420,0.000004,0.000001,0.000001
Edge,job_202102212220_0308,8,RoadCanada.vertex,InitializeSampleCC,15,0.01,0.2,8,1965206,5533214,5533214,47285,6804,38864,1109740.8413647157,5013811,1.014,1.014,1.008,2455108,0.444,2455108,0.444,0.000007,0.000012,0.000012
Edge,job_202102212220_0377,8,RoadCanada.vertex,InitializeSampleCC,10,0.02,0.2,4,1965206,5533214,5533214,26831,5318,19874,1169883.819541588,3701337,1.007,1.007,1.013,2306286,0.417,2306286,0.417,0.000017,0.000004,0.000004
Edge,job_202102212220_0316,8,RoadCanada.vertex,InitializeSampleCC,5,0.015,0.2,4,1965206,5533214,5533214,27172,5819,19726,1162770.6017623262,3634586,1.005,1.005,1.009,2331344,0.421,2331344,0.421,0.000012,0.000003,0.000003
Edge,job_202102212220_0017,8,RoadCanada.vertex,InitializeSampleCC,10,0.01,0.1,4,1965206,5533214,5533214,26050,4267,20219,1161574.1180008033,3965093,1.007,1.007,1.006,2311031,0.418,2311031,0.418,0.000007,0.000005,0.000005
Edge,job_202102212220_0322,8,RoadCanada.vertex,InitializeSampleCC,5,0.015,0.2,8,1965206,5533214,5533214,45873,5736,38630,1109084.8619368398,4928183,1.011,1.011,1.018,2455104,0.444,2455104,0.444,0.000032,0.000009,0.000009
Edge,job_202102212220_0160,8,RoadCanada.vertex,InitializeSampleCC,10,0.01,0.15,8,1965206,5533214,5533214,45502,5810,38105,1117229.3583648014,4964150,1.011,1.011,1.016,2437912,0.441,2437912,0.441,0.000026,0.000011,0.000011
Edge,job_202102212220_0182,8,RoadCanada.vertex,InitializeSampleCC,5,0.015,0.15,4,1965206,5533214,5533214,25362,4736,19115,1163266.5473663628,3665726,1.007,1.007,1.006,2320662,0.419,2320662,0.419,0.000003,0.000003,0.000003
Edge,job_202102212220_0152,8,RoadCanada.vertex,InitializeSampleCC,10,0.01,0.15,4,1965206,5533214,5533214,27275,5495,20376,1166909.1596838518,3812332,1.006,1.006,1.005,2306282,0.417,2306282,0.417,0.000009,0.000003,0.000003
Edge,job_202102212220_0372,8,RoadCanada.vertex,InitializeSampleCC,5,0.02,0.2,16,1965206,5533214,5533214,75396,5017,68635,1086753.624793606,5640463,1.017,1.017,1.018,2532171,0.458,2532171,0.458,0.000020,0.000020,0.000020
Edge,job_202102212220_0166,8,RoadCanada.vertex,InitializeSampleCC,15,0.01,0.15,4,1965206,5533214,5533214,26973,5202,20181,1164416.368555736,3802189,1.008,1.008,1.007,2316694,0.419,2316694,0.419,0.000004,0.000005,0.000005
Edge,job_202102212220_0165,8,RoadCanada.vertex,InitializeSampleCC,10,0.01,0.15,16,1965206,5533214,5533214,82219,5520,75249,1088456.6636188198,5982875,1.017,1.017,1.023,2524535,0.456,2524535,0.456,0.000024,0.000019,0.000019
Edge,job_202102212220_0134,8,RoadCanada.vertex,InitializeSampleCC,15,0.02,0.1,16,1965206,5533214,5533214,82372,4752,76077,1094038.0996027945,6078749,1.018,1.018,1.023,2506871,0.453,2506871,0.453,0.000023,0.000022,0.000022
Edge,job_202102212220_0066,8,RoadCanada.vertex,InitializeSampleCC,10,0.015,0.1,8,1965206,5533214,5533214,46191,4917,39940,1115966.7812071303,5186113,1.012,1.012,1.018,2432388,0.440,2432388,0.440,0.000021,0.000012,0.000012
Edge,job_202102212220_0392,8,RoadCanada.vertex,InitializeSampleCC,15,0.02,0.2,4,1965206,5533214,5533214,28082,6243,20384,1166300.4698413154,3808666,1.006,1.006,1.007,2309248,0.417,2309248,0.417,0.000010,0.000003,0.000003
Edge,job_202102212220_0353,8,RoadCanada.vertex,InitializeSampleCC,15,0.015,0.2,8,1965206,5533214,5533214,41693,5267,34795,1110072.1729201148,4618852,1.013,1.013,1.016,2461484,0.445,2461484,0.445,0.000021,0.000009,0.000009
Edge,job_202102212220_0313,8,RoadCanada.vertex,InitializeSampleCC,15,0.01,0.2,16,1965206,5533214,5533214,75644,6538,67553,1082254.2656981815,5571161,1.016,1.016,1.015,2544637,0.460,2544637,0.460,0.000019,0.000021,0.000021
Edge,job_202102212220_0119,8,RoadCanada.vertex,InitializeSampleCC,10,0.02,0.1,16,1965206,5533214,5533214,85705,4835,79408,1100539.354110884,6215620,1.017,1.017,1.015,2487767,0.450,2487767,0.450,0.000020,0.000019,0.000019
Edge,job_202102212220_0053,8,RoadCanada.vertex,InitializeSampleCC,5,0.015,0.1,8,1965206,5533214,5533214,42567,4850,36204,1107337.6752540674,4804831,1.008,1.008,1.011,2455407,0.444,2455407,0.444,0.000013,0.000007,0.000007
Edge,job_202102212220_0305,8,RoadCanada.vertex,InitializeSampleCC,15,0.01,0.2,4,1965206,5533214,5533214,25460,5385,18457,1164932.1970808606,3620339,1.007,1.007,1.013,2312545,0.418,2312545,0.418,0.000015,0.000003,0.000003
Edge,job_202102212220_0106,8,RoadCanada.vertex,InitializeSampleCC,10,0.02,0.1,4,1965206,5533214,5533214,25478,4094,19900,1159996.095888198,3759147,1.007,1.007,1.009,2334092,0.422,2334092,0.422,0.000010,0.000005,0.000005
Edge,job_202102212220_0267,8,RoadCanada.vertex,InitializeSampleCC,15,0.02,0.15,16,1965206,5533214,5533214,80559,6121,73021,1089665.6006025227,5817249,1.017,1.017,1.021,2524582,0.456,2524582,0.456,0.000021,0.000020,0.000020
Edge,job_202102212220_0311,8,RoadCanada.vertex,InitializeSampleCC,15,0.01,0.2,16,1965206,5533214,5533214,76491,6054,68724,1085040.9364591257,5572481,1.019,1.019,1.026,2536590,0.458,2536590,0.458,0.000047,0.000025,0.000025
Edge,job_202102212220_0037,8,RoadCanada.vertex,InitializeSampleCC,15,0.01,0.1,8,1965206,5533214,5533214,44366,4277,38372,1110711.2494280885,5007890,1.012,1.012,1.012,2446013,0.442,2446013,0.442,0.000011,0.000010,0.000010
Edge,job_202102212220_0207,8,RoadCanada.vertex,InitializeSampleCC,10,0.015,0.15,16,1965206,5533214,5533214,82652,5577,75392,1092422.6155385096,6047304,1.018,1.018,1.024,2513494,0.454,2513494,0.454,0.000031,0.000021,0.000021
Edge,job_202102212220_0243,8,RoadCanada.vertex,InitializeSampleCC,10,0.02,0.15,4,1965206,5533214,5533214,27382,5652,20327,1164032.5055075984,3776095,1.006,1.006,1.014,2320843,0.419,2320843,0.419,0.000028,0.000003,0.000003
Edge,job_202102212220_0097,8,RoadCanada.vertex,InitializeSampleCC,5,0.02,0.1,8,1965206,5533214,5533214,44636,5326,37990,1116551.6859203067,4931365,1.012,1.012,1.013,2432980,0.440,2432980,0.440,0.000017,0.000011,0.000011
Edge,job_202102212220_0245,8,RoadCanada.vertex,InitializeSampleCC,10,0.02,0.15,4,1965206,5533214,5533214,24311,4783,17944,1160635.6997147056,3547479,1.008,1.008,1.002,2324254,0.420,2324254,0.420,0.000001,0.000005,0.000005
Edge,job_202102212220_0222,8,RoadCanada.vertex,InitializeSampleCC,15,0.015,0.15,16,1965206,5533214,5533214,80593,4953,73995,1091711.3653650833,5912526,1.017,1.017,1.024,2515366,0.455,2515366,0.455,0.000036,0.000019,0.000019
Edge,job_202102212220_0326,8,RoadCanada.vertex,InitializeSampleCC,5,0.015,0.2,16,1965206,5533214,5533214,74150,5491,66972,1083199.4939518261,5479724,1.017,1.017,1.019,2546029,0.460,2546029,0.460,0.000032,0.000020,0.000020
Edge,job_202102212220_0397,8,RoadCanada.vertex,InitializeSampleCC,15,0.02,0.2,8,1965206,5533214,5533214,43158,5238,36262,1109750.4532704412,4785364,1.013,1.013,1.024,2454271,0.444,2454271,0.444,0.000040,0.000011,0.000011
Edge,job_202102212220_0170,8,RoadCanada.vertex,InitializeSampleCC,15,0.01,0.15,4,1965206,5533214,5533214,29986,5768,22695,1170660.441413915,4075605,1.006,1.006,1.009,2289771,0.414,2289771,0.414,0.000008,0.000003,0.000003
